Num_Docs,Altura,Total_Nos,Profundidade_Media,Profundidade_Minima,Max_Desbalanceamento,Tempo_Total_Indexacao,Tempo_Medio_Insercao,Densidade_Arvore,Maior_Galho,Menor_Galho,Total_Comparacoes_Indexacao,Tempo_Maximo_Busca_Amostra,Comparacoes_Total_Busca_Amostra,Tempo_Medio_Busca_Amostra_Por_Palavra,Comparacoes_Medias_Busca_Amostra_Por_Palavra,Tipo_Arvore
1,7,129,5.28682,5,1,0.046,0.000356589,0.505882,7,5,991,0,1051,0,5.93785,AVL
2,8,205,5.89756,5,1,0.089,0.000434146,0.401174,8,5,1912,0,2030,0,6.67763,AVL
3,10,574,7.43554,6,1,0.527,0.000918118,0.28041,10,6,9808,0,7741,0,7.741,AVL
4,10,604,7.51656,6,1,0.661,0.00109437,0.295066,10,6,10513,0,7710,0,7.71,AVL
5,11,704,7.73722,6,1,0.803,0.00114063,0.171917,11,6,13142,0,7883,0,7.883,AVL
6,11,806,7.9268,6,1,0.94,0.00116625,0.196825,11,6,15100,0,8039,0,8.039,AVL
7,11,883,8.06342,6,1,0.98,0.00110985,0.215629,11,6,16780,0.035,8116,5.4e-05,8.116,AVL
8,11,1113,8.36837,7,1,1.297,0.00116532,0.271795,11,7,22907,0.094,8486,0.000105,8.486,AVL
9,11,1160,8.43017,7,1,1.355,0.0011681,0.283272,11,7,23847,0.001,8411,2e-06,8.411,AVL
10,11,1279,8.57936,7,1,1.496,0.00116966,0.312332,11,7,27097,0.001,8539,1e-06,8.539,AVL
11,12,1407,8.72139,8,1,1.661,0.00118053,0.171774,12,8,31109,0.006,8652,6e-06,8.652,AVL
12,12,1463,8.77649,8,1,1.696,0.00115926,0.178611,12,8,32857,0.002,8693,9e-06,8.693,AVL
13,12,1526,8.82962,8,1,1.775,0.00116317,0.186302,12,8,34534,0,8731,0,8.731,AVL
14,12,1671,8.96589,8,1,1.995,0.0011939,0.204004,12,8,39211,0.045,8772,0.000138,8.772,AVL
15,12,1824,9.08333,8,1,2.18,0.00119518,0.222683,12,8,45431,0,8851,0,8.851,AVL
16,12,1924,9.1762,8,1,2.249,0.00116892,0.234892,12,8,48742,0.002,9023,1.4e-05,9.023,AVL
17,12,1994,9.2332,8,1,2.311,0.00115898,0.243438,12,8,51388,0,8859,0,8.859,AVL
18,12,2057,9.28439,8,1,2.519,0.0012246,0.251129,12,8,53427,0.001,8877,8e-06,8.877,AVL
19,12,2119,9.33082,8,1,2.794,0.00131855,0.258699,12,8,55688,0.02,9141,5e-05,9.141,AVL
20,13,2314,9.45376,8,1,3.302,0.00142697,0.141244,13,8,65621,0,9129,0,9.129,AVL
21,13,2435,9.53265,8,1,3.491,0.00143368,0.14863,13,8,70379,0.011,9218,1.1e-05,9.218,AVL
22,13,2470,9.55304,8,1,3.71,0.00150202,0.150766,13,8,72310,0.05,9246,0.000121,9.246,AVL
23,13,2591,9.61173,8,1,3.997,0.00154265,0.158152,13,8,78304,0.013,9241,5.7e-05,9.241,AVL
24,13,2632,9.62994,8,1,4.081,0.00155053,0.160654,13,8,80023,0.076,9302,0.0001,9.302,AVL
25,13,2682,9.66145,8,1,4.307,0.00160589,0.163706,13,8,82706,0.002,9197,4e-06,9.197,AVL
26,13,2771,9.70805,8,1,4.555,0.00164381,0.169139,13,8,87437,0.023,9237,5.9e-05,9.237,AVL
27,13,2828,9.73444,8,1,4.711,0.00166584,0.172618,13,8,90458,0.001,9304,1e-06,9.304,AVL
28,13,3002,9.81779,8,1,5.258,0.0017515,0.183239,13,8,98329,0.067,9233,0.000107,9.233,AVL
29,13,3055,9.84124,8,1,5.339,0.00174763,0.186474,13,8,100905,0.001,9368,2e-06,9.368,AVL
30,13,3160,9.88449,8,1,5.512,0.0017443,0.192883,13,8,106329,0.002,9421,4.3e-05,9.421,AVL
31,13,3191,9.89784,8,1,5.652,0.00177123,0.194775,13,8,107744,0.001,9356,1e-05,9.356,AVL
32,13,3249,9.92305,8,1,5.931,0.00182548,0.198315,13,8,111766,0.001,9373,3e-06,9.373,AVL
33,13,3340,9.96138,9,1,6.213,0.00186018,0.20387,13,9,117344,0.001,9364,4e-06,9.364,AVL
34,13,3388,9.97668,9,1,6.424,0.0018961,0.2068,13,9,119878,0.002,9561,3.2e-05,9.561,AVL
35,13,3448,10.0015,9,1,6.717,0.00194809,0.210462,13,9,122975,0.001,9463,1.2e-05,9.463,AVL
36,13,3526,10.0357,9,1,6.933,0.00196625,0.215223,13,9,127630,0.001,9549,1.8e-05,9.549,AVL
37,13,3545,10.0463,9,1,6.969,0.00196587,0.216383,13,9,128209,0.001,9577,3e-06,9.577,AVL
38,13,3566,10.0558,9,1,7.026,0.00197027,0.217665,13,9,130309,0.005,9369,0.000192,9.369,AVL
39,13,3581,10.062,9,1,7.114,0.0019866,0.21858,13,9,131279,0.02,9645,5.1e-05,9.645,AVL
40,13,3626,10.0822,9,1,7.709,0.00212603,0.221327,13,9,133973,0.001,9608,1.8e-05,9.608,AVL
41,13,3793,10.1526,9,1,9.023,0.00237886,0.23152,13,9,144667,0.019,9579,0.000168,9.579,AVL
42,13,3861,10.1782,9,1,9.216,0.00238695,0.235671,13,9,147812,0.009,9546,1.1e-05,9.546,AVL
43,14,3952,10.2123,9,1,9.433,0.00238689,0.120609,14,9,153821,0.001,9587,2.8e-05,9.587,AVL
44,14,3975,10.2209,9,1,9.527,0.00239673,0.121311,14,9,155688,0.001,9534,1.1e-05,9.534,AVL
45,14,4047,10.2473,9,1,10.067,0.00248752,0.123508,14,9,160665,0.001,9614,3.1e-05,9.614,AVL
46,14,4079,10.2594,9,1,10.234,0.00250895,0.124485,14,9,163104,0.001,9772,1.1e-05,9.772,AVL
47,14,4123,10.2765,9,1,10.699,0.00259496,0.125828,14,9,166696,0.001,9712,2.6e-05,9.712,AVL
48,14,4137,10.2816,9,1,10.944,0.0026454,0.126255,14,9,168487,0.001,9686,1e-05,9.686,AVL
49,14,4317,10.3407,9,1,11.823,0.00273871,0.131748,14,9,179280,0.001,9783,2.2e-05,9.783,AVL
50,14,4378,10.3627,9,1,12.216,0.00279032,0.13361,14,9,184676,0.016,9576,0.00028,9.576,AVL
51,14,4451,10.3853,9,1,12.552,0.00282004,0.135838,14,9,189804,0.001,9750,1.4e-05,9.75,AVL
52,14,4543,10.414,9,1,12.999,0.00286133,0.138646,14,9,195762,0.026,9795,0.000126,9.795,AVL
53,14,4614,10.4382,9,1,13.281,0.00287841,0.140812,14,9,201459,0.012,9543,7.1e-05,9.543,AVL
54,14,4653,10.4496,9,1,13.695,0.00294326,0.142003,14,9,204717,0.001,9877,2.6e-05,9.877,AVL
55,14,4664,10.4526,9,1,13.785,0.00295562,0.142338,14,9,205896,0.238,9742,0.000485,9.742,AVL
56,14,4673,10.4545,9,1,13.929,0.00298074,0.142613,14,9,207002,0.01,9796,6.9e-05,9.796,AVL
57,14,4734,10.4753,9,1,14.174,0.00299409,0.144475,14,9,211436,0.002,9684,7.4e-05,9.684,AVL
58,14,4770,10.4857,9,1,14.302,0.00299832,0.145573,14,9,213723,0.012,9860,0.000238,9.86,AVL
59,14,4802,10.4979,9,1,14.619,0.00304436,0.14655,14,9,216322,0.133,9735,0.000252,9.735,AVL
60,14,4831,10.5076,9,1,14.803,0.00306417,0.147435,14,9,218205,0.031,9721,0.000186,9.721,AVL
61,14,4858,10.5161,9,1,14.895,0.00306608,0.148259,14,9,219649,0.086,9808,0.000677,9.808,AVL
62,14,4886,10.5239,9,1,15.003,0.00307061,0.149113,14,9,221469,0.015,9919,0.000202,9.919,AVL
63,14,4926,10.5355,9,1,15.154,0.00307633,0.150334,14,9,224812,0.002,9885,0.000224,9.885,AVL
64,14,4971,10.549,9,1,15.282,0.00307423,0.151708,14,9,227747,0.001,9775,4.2e-05,9.775,AVL
65,14,5032,10.5662,9,1,16.03,0.00318561,0.153569,14,9,233376,0.002,9870,9.2e-05,9.87,AVL
66,14,5056,10.5716,9,1,16.492,0.00326187,0.154302,14,9,237754,0.001,9824,4.6e-05,9.824,AVL
67,14,5107,10.5841,9,1,17.99,0.00352262,0.155858,14,9,243033,0.001,9972,7.7e-05,9.972,AVL
68,14,5136,10.5929,9,1,18.202,0.003544,0.156743,14,9,245406,0.008,9848,0.000111,9.848,AVL
69,14,5158,10.6002,9,1,18.412,0.0035696,0.157414,14,9,248041,0.143,9810,0.000347,9.81,AVL
70,14,5197,10.6113,9,1,18.633,0.00358534,0.158605,14,9,250648,0.045,9767,0.000352,9.767,AVL
71,14,5246,10.6247,9,1,19.4,0.00369806,0.1601,14,9,254877,0.009,9858,7.9e-05,9.858,AVL
72,14,5272,10.6328,9,1,19.614,0.00372041,0.160894,14,9,257440,0.001,9900,4e-05,9.9,AVL
73,14,5317,10.6415,9,1,19.967,0.00375531,0.162267,14,9,261806,0.001,9966,2.1e-05,9.966,AVL
74,14,5393,10.6614,9,1,21.01,0.00389579,0.164586,14,9,270119,0.01,10106,8.3e-05,10.106,AVL
75,14,5411,10.6673,9,1,21.216,0.0039209,0.165136,14,9,272152,0.002,10003,7.6e-05,10.003,AVL
76,14,5483,10.6858,9,1,21.651,0.00394875,0.167333,14,9,281229,0.001,9986,8e-06,9.986,AVL
77,14,5544,10.7022,9,1,21.863,0.00394354,0.169195,14,9,285048,0.001,9990,1.9e-05,9.99,AVL
78,14,5580,10.7145,9,1,22.514,0.00403477,0.170293,14,9,288998,0.001,9982,0.00014,9.982,AVL
79,14,5638,10.7292,9,1,22.885,0.00405906,0.172063,14,9,295354,0.018,9890,0.000384,9.89,AVL
80,14,5715,10.7508,9,1,23.473,0.00410726,0.174413,14,9,301472,0.001,10004,5.8e-05,10.004,AVL
81,14,5765,10.7636,9,1,23.9,0.00414571,0.175939,14,9,305319,0.006,10009,0.00027,10.009,AVL
82,14,5834,10.7818,9,1,24.433,0.00418804,0.178045,14,9,313051,0.009,9914,0.000169,9.914,AVL
83,14,5919,10.8037,9,1,26.166,0.00442068,0.180639,14,9,327617,0.015,9958,0.000406,9.958,AVL
84,14,5975,10.8161,9,1,26.568,0.00444653,0.182348,14,9,333687,0.027,10101,0.000532,10.101,AVL
85,14,5988,10.8193,9,1,26.739,0.00446543,0.182745,14,9,334972,0.142,10194,0.000806,10.194,AVL
86,14,6006,10.8235,9,1,26.937,0.00448501,0.183294,14,9,336008,0.009,10157,0.000208,10.157,AVL
87,14,6020,10.8276,9,1,27.102,0.00450199,0.183721,14,9,337115,0.003,10170,0.000162,10.17,AVL
88,14,6036,10.8322,9,1,28.265,0.00468274,0.18421,14,9,338883,0.03,10066,0.000489,10.066,AVL
89,14,6095,10.8484,9,1,29.006,0.00475898,0.18601,14,9,347362,0.118,10025,0.000931,10.025,AVL
90,14,6117,10.8537,9,1,29.205,0.0047744,0.186682,14,9,348822,0.003,9952,0.00018,9.952,AVL
91,14,6185,10.8686,9,1,30.416,0.0049177,0.188757,14,9,356845,0.005,9991,0.000242,9.991,AVL
92,14,6243,10.8816,9,1,30.977,0.00496188,0.190527,14,9,363668,0.012,10130,0.000217,10.13,AVL
93,14,6312,10.8983,9,1,31.731,0.00502709,0.192633,14,9,375049,0.003,10203,0.000176,10.203,AVL
94,14,6374,10.9128,9,1,32.522,0.00510229,0.194525,14,9,382433,0.086,10042,0.000743,10.042,AVL
95,14,6435,10.927,9,1,32.944,0.0051195,0.196387,14,9,389600,0.05,10099,0.000376,10.099,AVL
96,14,6491,10.9404,9,1,33.161,0.00510877,0.198096,14,9,395852,0.016,10108,0.000375,10.108,AVL
97,14,6516,10.9458,9,1,33.617,0.00515915,0.198859,14,9,399363,0.072,10099,0.000342,10.099,AVL
98,14,6556,10.9555,9,1,33.845,0.00516245,0.200079,14,9,402693,0.005,10181,0.000284,10.181,AVL
99,14,6603,10.9653,9,1,34.14,0.00517038,0.201514,14,9,409572,0.013,10059,0.000171,10.059,AVL
100,14,6634,10.9717,9,1,34.298,0.00517003,0.20246,14,9,412289,0.094,10218,0.000405,10.218,AVL
101,14,6664,10.9794,9,1,35.075,0.00526336,0.203375,14,9,416570,0.005,10244,0.000382,10.244,AVL
102,14,6695,10.9878,9,1,35.219,0.00526049,0.204321,14,9,419628,0.004,10128,0.000283,10.128,AVL
103,14,6715,10.9923,9,1,35.362,0.00526612,0.204932,14,9,422158,0.009,10144,0.000356,10.144,AVL
104,14,6775,11.0056,9,1,35.711,0.005271,0.206763,14,9,428554,0.029,10228,0.000425,10.228,AVL
105,14,6810,11.0138,9,1,36.04,0.00529222,0.207831,14,9,432894,0.005,10128,0.000312,10.128,AVL
106,14,6863,11.0251,9,1,36.939,0.00538234,0.209449,14,9,438337,0.02,10131,0.000156,10.131,AVL
107,14,6885,11.0289,9,1,37.051,0.00538141,0.21012,14,9,440116,0.005,10251,0.000239,10.251,AVL
108,14,6900,11.0312,9,1,37.131,0.0053813,0.210578,14,9,441079,0.111,10012,0.000629,10.012,AVL
109,14,6923,11.0367,9,1,37.308,0.00538899,0.21128,14,9,443985,0.003,10160,0.000211,10.16,AVL
110,14,6979,11.0489,9,1,37.557,0.00538143,0.212989,14,9,449888,0.002,10117,0.000141,10.117,AVL
111,14,7016,11.0554,9,1,37.838,0.0053931,0.214118,14,9,454684,0.109,10357,0.000406,10.357,AVL
112,14,7044,11.0612,9,1,38.453,0.00545897,0.214972,14,9,458932,0.006,10172,0.000403,10.172,AVL
113,14,7077,11.0684,9,1,38.622,0.0054574,0.215979,14,9,461380,0.001,10198,5.9e-05,10.198,AVL
114,14,7172,11.0887,9,1,39.02,0.0054406,0.218879,14,9,468655,0.004,10182,0.000143,10.182,AVL
115,14,7239,11.1043,9,1,39.31,0.00543031,0.220923,14,9,475767,0.014,10179,0.000384,10.179,AVL
116,14,7272,11.1103,9,1,39.539,0.00543716,0.221931,14,9,479530,0.008,10275,0.000197,10.275,AVL
117,14,7279,11.1118,9,1,39.625,0.00544374,0.222144,14,9,480918,0.004,10233,0.00018,10.233,AVL
118,14,7313,11.119,9,1,40.111,0.00548489,0.223182,14,9,486169,0.013,10219,0.000284,10.219,AVL
119,14,7344,11.1242,9,1,40.534,0.00551934,0.224128,14,9,489314,0.003,10267,0.000187,10.267,AVL
120,14,7380,11.1312,9,1,40.776,0.0055252,0.225227,14,9,495109,0.009,9992,0.000242,9.992,AVL
121,14,7399,11.1357,9,1,40.937,0.00553277,0.225806,14,9,497853,0.003,10352,0.000266,10.352,AVL
122,14,7432,11.1421,9,1,41.064,0.0055253,0.226814,14,9,500226,0.098,10167,0.000507,10.167,AVL
123,14,7453,11.1453,9,1,41.33,0.00554542,0.227454,14,9,503584,0.009,10086,0.000313,10.086,AVL
124,14,7463,11.1474,9,1,41.792,0.00559989,0.22776,14,9,505586,0.005,10155,0.000364,10.155,AVL
125,14,7482,11.151,9,1,42.923,0.00573684,0.228339,14,9,512356,0.004,10193,0.000413,10.193,AVL
126,14,7495,11.1536,9,1,43.255,0.00577118,0.228736,14,9,515422,0.098,10265,0.000774,10.265,AVL
127,14,7548,11.1634,9,1,43.735,0.00579425,0.230354,14,9,522323,0.008,10238,0.000179,10.238,AVL
128,14,7577,11.1692,9,1,43.913,0.00579557,0.231239,14,9,525196,0.009,10265,0.000278,10.265,AVL
129,14,7604,11.1743,9,1,44.179,0.00580997,0.232063,14,9,528920,0.01,10071,0.000394,10.071,AVL
130,14,7642,11.1808,9,1,44.759,0.00585697,0.233222,14,9,535568,0.006,10304,0.000414,10.304,AVL
131,14,7668,11.1858,9,1,45.131,0.00588563,0.234016,14,9,538111,0.007,10209,0.000274,10.209,AVL
132,14,7691,11.1907,9,1,45.372,0.00589936,0.234718,14,9,541338,0.006,10291,0.000448,10.291,AVL
133,14,7716,11.1952,9,1,45.597,0.00590941,0.235481,14,9,544545,0.006,10150,0.000377,10.15,AVL
134,14,7747,11.2018,9,1,45.87,0.005921,0.236427,14,9,548535,0.004,10231,0.000331,10.231,AVL
135,14,7810,11.2133,9,1,47.005,0.00601857,0.23835,14,9,560464,0.009,10330,0.000173,10.33,AVL
136,14,7820,11.2156,9,1,47.371,0.00605767,0.238655,14,9,563845,0.005,10081,0.00046,10.081,AVL
137,14,7831,11.2177,9,1,47.505,0.00606628,0.23899,14,9,565317,1.539,10422,0.002335,10.422,AVL
138,14,7855,11.2229,9,1,47.868,0.00609395,0.239723,14,9,569645,0.004,10136,0.00031,10.136,AVL
139,15,7883,11.2286,9,1,48.156,0.00610884,0.120287,15,9,573975,0.014,10327,0.000362,10.327,AVL
140,15,7950,11.239,9,1,48.597,0.00611283,0.121309,15,9,579040,0.002,10296,0.000227,10.296,AVL
141,15,7958,11.2404,9,1,48.662,0.00611485,0.121431,15,9,579742,0.007,10245,0.000558,10.245,AVL
142,15,7976,11.2444,9,1,49.055,0.00615033,0.121706,15,9,581721,0.046,10291,0.000517,10.291,AVL
143,15,8007,11.2507,9,1,49.493,0.00618122,0.122179,15,9,586152,0.008,10376,0.000435,10.376,AVL
144,15,8037,11.2564,9,1,49.943,0.00621413,0.122637,15,9,590741,0.004,10164,0.000329,10.164,AVL
145,15,8068,11.2621,9,1,50.251,0.00622843,0.12311,15,9,594556,0.009,10548,0.000331,10.548,AVL
146,15,8094,11.2665,9,1,50.517,0.00624129,0.123507,15,9,598374,0.005,10246,0.000387,10.246,AVL
147,15,8141,11.2755,9,1,51.332,0.00630537,0.124224,15,9,604074,0.016,10248,0.000292,10.248,AVL
148,15,8163,11.2803,9,1,51.822,0.0063484,0.124559,15,9,607876,0.004,10285,0.000239,10.285,AVL
149,15,8205,11.2876,9,1,52.465,0.00639427,0.1252,15,9,616125,0.002,10062,0.000179,10.062,AVL
150,15,8221,11.2902,9,1,52.686,0.00640871,0.125444,15,9,618558,0.003,10041,0.000161,10.041,AVL
151,15,8334,11.3101,9,1,54.134,0.00649556,0.127169,15,9,638383,0.003,10351,0.000345,10.351,AVL
152,15,8349,11.3125,9,1,54.825,0.00656665,0.127398,15,9,642099,0.011,10387,0.000468,10.387,AVL
153,15,8354,11.3131,9,1,55.023,0.00658643,0.127474,15,9,642989,0.004,10264,0.000364,10.264,AVL
154,15,8379,11.3171,10,1,55.497,0.00662334,0.127855,15,10,646306,0.006,10238,0.000397,10.238,AVL
155,15,8406,11.3218,10,1,56.08,0.00667143,0.128267,15,10,652672,0.006,10362,0.000431,10.362,AVL
156,15,8420,11.3243,10,1,56.35,0.0066924,0.128481,15,10,655094,0.869,10309,0.001951,10.309,AVL
157,15,8472,11.3336,10,1,57.26,0.00675873,0.129274,15,10,661525,0.006,10090,0.000422,10.09,AVL
158,15,8525,11.3421,10,1,58.145,0.00682053,0.130083,15,10,668592,0.008,10477,0.000465,10.477,AVL
159,15,8547,11.3462,10,1,58.648,0.00686182,0.130419,15,10,671417,0.011,10711,0.000647,10.711,AVL
160,15,8563,11.3492,10,1,58.944,0.00688357,0.130663,15,10,674262,0.528,10266,0.001138,10.266,AVL
161,15,8591,11.352,10,1,59.293,0.00690176,0.13109,15,10,677430,0.037,10334,0.000556,10.334,AVL
162,15,8608,11.3546,10,1,59.524,0.00691496,0.13135,15,10,679696,0.01,10358,0.000463,10.358,AVL
163,15,8639,11.3609,10,1,60.058,0.00695196,0.131823,15,10,683528,0.105,10433,0.00094,10.433,AVL
164,15,8665,11.3647,10,1,60.452,0.00697657,0.132219,15,10,688150,0.094,10250,0.000781,10.25,AVL
165,15,8692,11.3692,10,1,60.824,0.0069977,0.132631,15,10,692298,0.03,10255,0.000714,10.255,AVL
166,15,8705,11.3716,10,1,61.003,0.00700781,0.13283,15,10,693986,0.007,10049,0.000541,10.049,AVL
167,15,8720,11.3744,10,1,61.287,0.00702833,0.133059,15,10,697753,0.076,10315,0.000553,10.315,AVL
168,15,8738,11.3779,10,1,61.813,0.00707404,0.133333,15,10,701173,0.041,10357,0.000679,10.357,AVL
169,15,8751,11.3805,10,1,62.159,0.00710307,0.133532,15,10,703342,0.123,10278,0.001033,10.278,AVL
170,15,8776,11.3851,10,1,62.534,0.00712557,0.133913,15,10,707170,0.01,10439,0.000566,10.439,AVL
171,15,8790,11.387,10,1,62.716,0.00713493,0.134127,15,10,708848,0.02,10302,0.000617,10.302,AVL
172,15,8810,11.3919,10,1,63.01,0.0071521,0.134432,15,10,712090,0.007,10331,0.000566,10.331,AVL
173,15,8825,11.3946,10,1,63.688,0.00721677,0.134661,15,10,714929,0.011,10272,0.000558,10.272,AVL
174,15,8891,11.4057,10,1,65.642,0.00738297,0.135668,15,10,726805,0.014,10353,0.000296,10.353,AVL
175,15,8902,11.4073,10,1,66.027,0.0074171,0.135836,15,10,729049,0.154,10403,0.000639,10.403,AVL
176,15,8921,11.4094,10,1,66.842,0.00749266,0.136126,15,10,733037,0.128,10197,0.00108,10.197,AVL
177,15,8938,11.4126,10,1,67.204,0.00751891,0.136385,15,10,736910,0.006,10466,0.000327,10.466,AVL
178,15,8949,11.4143,10,1,67.421,0.00753391,0.136553,15,10,738876,0.015,10418,0.000501,10.418,AVL
179,15,8981,11.4197,10,1,67.823,0.00755183,0.137041,15,10,743021,0.014,10432,0.000514,10.432,AVL
180,15,9023,11.4259,10,1,68.522,0.00759415,0.137682,15,10,750830,0.008,10324,0.000609,10.324,AVL
181,15,9036,11.4277,10,1,68.965,0.00763225,0.137881,15,10,752372,0.009,10282,0.000548,10.282,AVL
182,15,9058,11.4312,10,1,69.553,0.00767863,0.138216,15,10,756538,0.118,10399,0.000957,10.399,AVL
183,15,9099,11.4381,10,1,70.714,0.00777162,0.138842,15,10,768106,0.123,10187,0.000562,10.187,AVL
184,15,9117,11.441,10,1,71.167,0.00780597,0.139117,15,10,771687,0.013,10207,0.000291,10.207,AVL
185,15,9149,11.4461,10,1,72.321,0.0079048,0.139605,15,10,777534,0.043,10321,0.000818,10.321,AVL
186,15,9172,11.4495,10,1,72.985,0.00795737,0.139956,15,10,780772,0.044,10346,0.001079,10.346,AVL
187,15,9227,11.4585,10,1,74.668,0.00809234,0.140795,15,10,788358,0.006,10267,0.000329,10.267,AVL
188,15,9251,11.4631,10,1,75.689,0.00818171,0.141161,15,10,792113,0.01,10430,0.000601,10.43,AVL
189,15,9278,11.4676,10,1,76.46,0.008241,0.141573,15,10,797263,0.078,10432,0.000766,10.432,AVL
190,15,9305,11.4716,10,1,77.265,0.0083036,0.141985,15,10,803772,0.007,10229,0.000462,10.229,AVL
191,15,9338,11.4774,10,1,78.198,0.00837417,0.142489,15,10,808011,0.05,10510,0.000577,10.51,AVL
192,15,9368,11.4826,10,1,78.794,0.00841097,0.142947,15,10,813327,0.016,10394,0.000666,10.394,AVL
193,15,9379,11.484,10,1,79.186,0.0084429,0.143114,15,10,815778,0.005,10522,0.000274,10.522,AVL
194,15,9403,11.4874,10,1,80.044,0.0085126,0.143481,15,10,822397,0.164,10362,0.000766,10.362,AVL
195,15,9428,11.4912,10,1,80.372,0.00852482,0.143862,15,10,825966,0.109,10451,0.001159,10.451,AVL
196,15,9438,11.4926,10,1,80.738,0.00855457,0.144015,15,10,828292,0.09,10459,0.000573,10.459,AVL
197,15,9454,11.4955,10,1,81.204,0.00858938,0.144259,15,10,830393,0.007,10450,0.00047,10.45,AVL
198,15,9461,11.4966,10,1,81.498,0.0086141,0.144366,15,10,832951,0.011,10178,0.000334,10.178,AVL
199,15,9474,11.4986,10,1,81.852,0.00863965,0.144564,15,10,835887,0.117,10329,0.000923,10.329,AVL
200,15,9482,11.5,10,1,82.075,0.00865587,0.144686,15,10,837689,0.014,10400,0.000613,10.4,AVL
201,15,9520,11.506,10,1,82.619,0.00867847,0.145266,15,10,842522,0.007,10432,0.000315,10.432,AVL
202,15,9532,11.5072,10,1,83.247,0.00873342,0.145449,15,10,845646,0.006,10563,0.000597,10.563,AVL
203,15,9547,11.5099,10,1,83.828,0.00878056,0.145678,15,10,847706,0.005,10283,0.000321,10.283,AVL
204,15,9586,11.517,10,1,84.437,0.00880837,0.146273,15,10,853349,0.008,10567,0.000595,10.567,AVL
205,15,9620,11.5225,10,1,84.997,0.00883545,0.146792,15,10,859190,0.124,10450,0.001539,10.45,AVL
206,15,9627,11.5236,10,1,85.161,0.00884606,0.146899,15,10,860582,0.011,10478,0.000436,10.478,AVL
207,15,9640,11.525,10,1,85.343,0.00885301,0.147097,15,10,862421,0.011,10333,0.000553,10.333,AVL
208,15,9720,11.5373,10,1,87.981,0.00905154,0.148318,15,10,884000,0.009,10335,0.000598,10.335,AVL
209,15,9755,11.5423,10,1,88.325,0.00905433,0.148852,15,10,888732,0.013,10318,0.000579,10.318,AVL
210,15,9772,11.5449,10,1,88.744,0.00908146,0.149111,15,10,893265,0.014,10412,0.000417,10.412,AVL
211,15,9797,11.5487,10,1,89.111,0.00909574,0.149493,15,10,897648,0.172,10243,0.000825,10.243,AVL
212,15,9827,11.5531,10,1,89.848,0.00914297,0.14995,15,10,901622,0.011,10360,0.00034,10.36,AVL
213,15,9851,11.557,10,1,90.705,0.00920769,0.150317,15,10,907872,0.008,10457,0.000494,10.457,AVL
214,15,9904,11.5654,10,1,91.529,0.00924162,0.151125,15,10,916546,0.008,10508,0.000596,10.508,AVL
215,15,9908,11.566,10,1,91.808,0.00926605,0.151186,15,10,919504,0.007,10366,0.000322,10.366,AVL
216,15,9929,11.5692,10,1,92.788,0.00934515,0.151507,15,10,924825,0.006,10436,0.000486,10.436,AVL
217,15,9942,11.5711,10,1,93.06,0.00936029,0.151705,15,10,927681,0.028,10597,0.000686,10.597,AVL
218,15,9955,11.5729,10,1,93.344,0.00937659,0.151904,15,10,930204,0.007,10223,0.000532,10.223,AVL
219,15,9960,11.5737,10,1,93.444,0.00938193,0.15198,15,10,931212,0.018,10400,0.000422,10.4,AVL
220,15,9971,11.5756,10,1,93.733,0.00940056,0.152148,15,10,934410,0.007,10358,0.000636,10.358,AVL
221,15,9984,11.5772,10,1,93.934,0.00940845,0.152346,15,10,936638,0.122,10383,0.00085,10.383,AVL
222,15,10004,11.58,10,1,94.183,0.00941453,0.152651,15,10,939402,0.01,10459,0.000465,10.459,AVL
223,15,10018,11.5816,10,1,94.505,0.00943352,0.152865,15,10,942434,0.006,10518,0.00048,10.518,AVL
224,15,10056,11.5893,10,1,96.313,0.00957767,0.153445,15,10,953032,0.009,10527,0.000412,10.527,AVL
225,15,10059,11.5899,10,1,96.419,0.00958535,0.153491,15,10,953774,0.268,10417,0.00107,10.417,AVL
226,15,10077,11.5927,10,1,96.891,0.00961506,0.153765,15,10,957309,0.1,10588,0.000778,10.588,AVL
227,15,10091,11.5945,10,1,97.176,0.00962997,0.153979,15,10,959866,0.007,10384,0.00054,10.384,AVL
228,15,10117,11.5982,10,1,97.728,0.00965978,0.154376,15,10,965834,0.006,10485,0.000708,10.485,AVL
229,15,10139,11.6017,10,1,98.699,0.00973459,0.154711,15,10,969723,0.006,10313,0.000518,10.313,AVL
230,15,10144,11.6039,10,1,98.982,0.00975769,0.154788,15,10,971439,0.005,10461,0.00044,10.461,AVL
231,15,10152,11.6047,10,1,99.21,0.00977246,0.15491,15,10,973000,0.099,10349,0.000878,10.349,AVL
232,15,10249,11.6198,10,1,101.349,0.00988867,0.15639,15,10,997628,0.006,10458,0.00056,10.458,AVL
233,15,10277,11.6218,10,1,102.145,0.00993918,0.156817,15,10,1003798,0.106,10519,0.000658,10.519,AVL
234,15,10280,11.6224,10,1,102.38,0.00995914,0.156863,15,10,1005347,0.008,10432,0.000689,10.432,AVL
235,15,10282,11.6225,10,1,102.601,0.0099787,0.156893,15,10,1007677,0.015,10461,0.000599,10.461,AVL
236,15,10296,11.6246,10,1,103.041,0.0100079,0.157107,15,10,1012448,0.007,10479,0.000615,10.479,AVL
237,15,10310,11.6262,10,1,103.383,0.0100274,0.157321,15,10,1017292,1.333,10454,0.002306,10.454,AVL
238,15,10363,11.6336,10,1,104.189,0.0100539,0.158129,15,10,1029248,0.033,10469,0.000845,10.469,AVL
239,15,10378,11.6357,10,1,104.88,0.010106,0.158358,15,10,1032444,0.01,10562,0.000541,10.562,AVL
240,15,10453,11.6452,10,1,106.687,0.0102064,0.159503,15,10,1060022,0.007,10380,0.000494,10.38,AVL
241,15,10464,11.6475,10,1,107.008,0.0102263,0.15967,15,10,1063787,0.215,10557,0.00083,10.557,AVL
242,15,10470,11.6486,10,1,107.18,0.0102369,0.159762,15,10,1065741,0.031,10491,0.000758,10.491,AVL
243,15,10486,11.6506,10,1,108.114,0.0103103,0.160006,15,10,1070072,0.006,10549,0.00058,10.549,AVL
244,15,10505,11.6532,10,1,108.497,0.0103281,0.160296,15,10,1073513,0.008,10342,0.000562,10.342,AVL
245,15,10530,11.6569,10,1,108.938,0.0103455,0.160678,15,10,1078247,0.021,10608,0.000593,10.608,AVL
246,15,10541,11.6584,10,1,109.122,0.0103521,0.160845,15,10,1079883,0.007,10390,0.000698,10.39,AVL
247,15,10555,11.6602,10,1,109.471,0.0103715,0.161059,15,10,1083095,0.006,10484,0.000702,10.484,AVL
248,15,10562,11.6612,10,1,109.595,0.0103763,0.161166,15,10,1084216,0.085,10397,0.000893,10.397,AVL
249,15,10589,11.6652,10,1,110.428,0.0104286,0.161578,15,10,1089177,0.068,10344,0.000925,10.344,AVL
250,15,10594,11.666,10,1,110.868,0.0104652,0.161654,15,10,1090777,1.014,10527,0.001999,10.527,AVL
251,15,10614,11.6686,10,1,111.811,0.0105343,0.161959,15,10,1095644,0.005,10622,0.000535,10.622,AVL
252,15,10648,11.6731,10,1,112.459,0.0105615,0.162478,15,10,1102738,0.08,10382,0.00068,10.382,AVL
253,15,10674,11.6768,10,1,113.155,0.010601,0.162875,15,10,1110216,0.01,10466,0.000503,10.466,AVL
254,15,10695,11.6799,10,1,113.641,0.0106256,0.163195,15,10,1112827,0.08,10542,0.000757,10.542,AVL
255,15,10716,11.6824,10,1,114.515,0.0106864,0.163516,15,10,1119754,0.169,10328,0.000957,10.328,AVL
256,15,10730,11.6845,10,1,114.762,0.0106954,0.163729,15,10,1122013,0.037,10492,0.001068,10.492,AVL
257,15,10751,11.6876,10,1,115.182,0.0107136,0.16405,15,10,1126437,0.114,10525,0.00176,10.525,AVL
258,15,10766,11.6897,10,1,115.381,0.0107172,0.164279,15,10,1128350,0.011,10482,0.000622,10.482,AVL
259,15,10784,11.6919,10,1,116.306,0.0107851,0.164553,15,10,1134575,0.012,10702,0.000792,10.702,AVL
260,15,10785,11.6919,10,1,116.727,0.0108231,0.164569,15,10,1136706,0.017,10578,0.000778,10.578,AVL
261,15,10789,11.6926,10,1,117.053,0.0108493,0.16463,15,10,1139432,0.017,10558,0.000649,10.558,AVL
262,15,10805,11.6946,10,1,117.407,0.010866,0.164874,15,10,1142624,0.133,10447,0.001051,10.447,AVL
263,15,10831,11.6987,10,1,118.085,0.0109025,0.16527,15,10,1148228,0.007,10532,0.000621,10.532,AVL
264,15,10873,11.7056,10,1,119.129,0.0109564,0.165911,15,10,1158035,0.01,10450,0.000628,10.45,AVL
265,15,10880,11.7067,10,1,119.562,0.0109892,0.166018,15,10,1159664,0.009,10547,0.000639,10.547,AVL
266,15,10930,11.7135,10,1,120.751,0.0110477,0.166781,15,10,1170955,0.102,10404,0.001223,10.404,AVL
267,15,10964,11.7181,10,1,121.184,0.0110529,0.1673,15,10,1175371,0.01,10622,0.00066,10.622,AVL
268,15,10975,11.7195,10,1,121.427,0.011064,0.167468,15,10,1177597,0.007,10626,0.000606,10.626,AVL
269,15,10982,11.7203,10,1,121.586,0.0110714,0.167575,15,10,1179217,0.005,10562,0.000338,10.562,AVL
270,15,11009,11.7235,10,1,122.786,0.0111532,0.167987,15,10,1185390,0.164,10410,0.001297,10.41,AVL
271,15,11038,11.728,10,1,123.326,0.0111729,0.168429,15,10,1189767,0.008,10514,0.000653,10.514,AVL
272,15,11051,11.7298,10,1,123.668,0.0111907,0.168627,15,10,1192692,0.008,10405,0.000701,10.405,AVL
273,15,11073,11.7327,10,1,124.303,0.0112258,0.168963,15,10,1197877,0.011,10519,0.000627,10.519,AVL
274,15,11104,11.7372,10,1,125.048,0.0112615,0.169436,15,10,1206700,0.05,10395,0.000695,10.395,AVL
275,15,11122,11.74,10,1,126.208,0.0113476,0.169711,15,10,1209866,0.018,10436,0.000769,10.436,AVL
276,15,11129,11.7407,10,1,126.552,0.0113714,0.169818,15,10,1211968,0.009,10650,0.000663,10.65,AVL
277,15,11132,11.7412,10,1,126.865,0.0113964,0.169863,15,10,1214461,0.074,10501,0.000762,10.501,AVL
278,15,11140,11.7418,10,1,127.225,0.0114206,0.169986,15,10,1217313,0.103,10425,0.000497,10.425,AVL
279,15,11143,11.7422,10,1,128.087,0.0114948,0.170031,15,10,1220178,0.011,10567,0.000647,10.567,AVL
280,15,11149,11.7428,10,1,128.681,0.0115419,0.170123,15,10,1221900,0.137,10509,0.000896,10.509,AVL
281,15,11165,11.7455,10,1,129.012,0.011555,0.170367,15,10,1224200,0.206,10327,0.000853,10.327,AVL
282,15,11226,11.7523,10,1,129.808,0.0115632,0.171298,15,10,1231702,0.006,10482,0.000566,10.482,AVL
283,15,11239,11.7535,10,1,130.3,0.0115936,0.171496,15,10,1233212,0.042,10472,0.000789,10.472,AVL
284,15,11248,11.7547,10,1,130.832,0.0116316,0.171633,15,10,1235116,0.013,10591,0.000691,10.591,AVL
285,15,11259,11.756,10,1,131.472,0.0116771,0.171801,15,10,1238791,0.012,10587,0.000405,10.587,AVL
286,15,11277,11.7586,10,1,132.092,0.0117134,0.172076,15,10,1242522,0.006,10446,0.000343,10.446,AVL
287,15,11298,11.7606,10,1,133.598,0.0118249,0.172396,15,10,1248909,0.653,10561,0.002432,10.561,AVL
288,15,11311,11.7621,10,1,134.465,0.011888,0.172595,15,10,1254028,0.014,10654,0.000797,10.654,AVL
289,15,11316,11.7629,10,1,134.727,0.0119059,0.172671,15,10,1255223,0.015,10553,0.000672,10.553,AVL
290,15,11328,11.7645,10,1,135.859,0.0119932,0.172854,15,10,1259216,0.011,10669,0.000682,10.669,AVL
291,15,11341,11.7662,10,1,136.868,0.0120684,0.173053,15,10,1263071,0.008,10449,0.00067,10.449,AVL
292,15,11361,11.7686,10,1,137.709,0.0121212,0.173358,15,10,1269202,0.007,10344,0.000648,10.344,AVL
293,15,11365,11.769,10,1,138.198,0.01216,0.173419,15,10,1272219,0.092,10587,0.00114,10.587,AVL
294,15,11380,11.7711,10,1,138.692,0.0121873,0.173648,15,10,1275224,0.006,10568,0.000341,10.568,AVL
295,15,11394,11.7729,10,1,139.3,0.0122257,0.173861,15,10,1280107,0.017,10522,0.000404,10.522,AVL
296,15,11401,11.7739,10,1,139.584,0.0122431,0.173968,15,10,1282345,0.012,10529,0.00078,10.529,AVL
297,15,11441,11.7782,10,1,140.815,0.0123079,0.174578,15,10,1293836,0.162,10354,0.002072,10.354,AVL
298,15,11450,11.779,10,1,141.319,0.0123423,0.174716,15,10,1296171,0.005,10602,0.000367,10.602,AVL
299,15,11463,11.7809,10,1,141.747,0.0123656,0.174914,15,10,1298515,0.085,10592,0.000625,10.592,AVL
300,15,11465,11.7812,10,1,142.147,0.0123983,0.174945,15,10,1300255,0.011,10435,0.000788,10.435,AVL
301,15,11498,11.7848,10,1,142.614,0.0124034,0.175448,15,10,1305260,0.205,10531,0.001126,10.531,AVL
302,15,11522,11.7878,10,1,142.95,0.0124067,0.175814,15,10,1309518,0.009,10415,0.000639,10.415,AVL
303,15,11529,11.7887,10,1,143.804,0.0124732,0.175921,15,10,1313463,0.017,10593,0.000639,10.593,AVL
304,15,11538,11.79,10,1,144.461,0.0125205,0.176059,15,10,1318328,0.218,10432,0.001989,10.432,AVL
305,15,11602,11.798,10,1,146.105,0.0125931,0.177035,15,10,1333270,0.141,10520,0.001369,10.52,AVL
306,15,11619,11.8,10,1,146.905,0.0126435,0.177295,15,10,1340661,0.016,10456,0.000651,10.456,AVL
307,15,11638,11.8023,10,1,148.096,0.0127252,0.177584,15,10,1347488,0.014,10411,0.000719,10.411,AVL
308,15,11640,11.8027,10,1,148.437,0.0127523,0.177615,15,10,1348915,0.009,10505,0.000846,10.505,AVL
309,15,11653,11.805,10,1,149.496,0.012829,0.177813,15,10,1354169,0.15,10654,0.000897,10.654,AVL
310,15,11661,11.8064,10,1,149.918,0.0128564,0.177935,15,10,1356685,0.068,10395,0.000904,10.395,AVL
311,15,11681,11.8091,10,1,150.429,0.0128781,0.178241,15,10,1360785,0.013,10511,0.00074,10.511,AVL
312,15,11694,11.8105,10,1,151.037,0.0129158,0.178439,15,10,1365595,0.011,10661,0.000705,10.661,AVL
313,15,11701,11.8109,10,1,151.76,0.0129698,0.178546,15,10,1369222,0.01,10438,0.000729,10.438,AVL
314,15,11718,11.8134,10,1,152.578,0.0130208,0.178805,15,10,1373799,0.006,10482,0.000387,10.482,AVL
315,15,11725,11.8142,10,1,153.03,0.0130516,0.178912,15,10,1376199,0.307,10408,0.000924,10.408,AVL
316,15,11748,11.8164,10,1,154.385,0.0131414,0.179263,15,10,1387597,0.23,10334,0.000593,10.334,AVL
317,15,11809,11.8248,10,1,156.034,0.0132131,0.180194,15,10,1398204,0.023,10587,0.000274,10.587,AVL
318,15,11814,11.8255,10,1,156.65,0.0132597,0.18027,15,10,1402791,0.003,10478,0.000151,10.478,AVL
319,15,11825,11.8271,10,1,157.308,0.013303,0.180438,15,10,1405684,0.146,10466,0.000425,10.466,AVL
320,15,11834,11.8284,10,1,158.151,0.0133641,0.180575,15,10,1407820,0.009,10413,0.000264,10.413,AVL
321,15,11853,11.8306,10,1,158.716,0.0133904,0.180865,15,10,1411988,0.06,10586,0.000871,10.586,AVL
322,15,11868,11.8332,10,1,159.423,0.013433,0.181094,15,10,1417496,0.015,10558,0.00065,10.558,AVL
323,15,11879,11.8346,10,1,160.191,0.0134852,0.181262,15,10,1421035,0.014,10653,0.000692,10.653,AVL
324,15,11902,11.8374,10,1,161.194,0.0135434,0.181613,15,10,1429410,0.006,10517,0.00062,10.517,AVL
325,15,11911,11.8379,10,1,161.824,0.0135861,0.18175,15,10,1436286,8.241,10345,0.009386,10.345,AVL
326,15,11940,11.8415,10,1,162.438,0.0136045,0.182193,15,10,1441867,0.02,10415,0.00072,10.415,AVL
327,15,12037,11.8529,10,1,167.076,0.0138802,0.183673,15,10,1479992,0.141,10521,0.00125,10.521,AVL
328,15,12080,11.8579,10,1,168.013,0.0139084,0.184329,15,10,1489602,0.034,10607,0.001157,10.607,AVL
329,15,12088,11.859,10,1,168.418,0.0139327,0.184451,15,10,1492479,0.137,10561,0.00141,10.561,AVL
330,15,12110,11.8623,10,1,168.879,0.0139454,0.184787,15,10,1497313,0.007,10433,0.000693,10.433,AVL
331,15,12156,11.8668,10,1,170.336,0.0140125,0.185489,15,10,1511024,0.005,10621,0.000402,10.621,AVL
332,15,12165,11.8677,10,1,170.566,0.014021,0.185626,15,10,1512902,0.048,10331,0.000755,10.331,AVL
333,15,12171,11.8683,10,1,170.942,0.014045,0.185718,15,10,1515576,0.136,10360,0.001177,10.36,AVL
334,15,12185,11.87,10,1,171.542,0.0140781,0.185931,15,10,1519643,0.09,10637,0.001162,10.637,AVL
335,15,12189,11.8709,10,1,171.829,0.0140971,0.185992,15,10,1521407,0.033,10519,0.000688,10.519,AVL
336,15,12198,11.8718,10,1,172.038,0.0141038,0.18613,15,10,1522236,0.01,10462,0.000414,10.462,AVL
337,15,12205,11.8722,10,1,172.423,0.0141272,0.186236,15,10,1524646,0.025,10495,0.000709,10.495,AVL
338,15,12223,11.8743,10,1,173.276,0.0141762,0.186511,15,10,1528403,0.011,10667,0.000732,10.667,AVL
339,15,12226,11.8748,10,1,173.486,0.0141899,0.186557,15,10,1529344,0.007,10407,0.0004,10.407,AVL
340,15,12233,11.8757,10,1,173.962,0.0142207,0.186664,15,10,1532753,0.022,10579,0.001055,10.579,AVL
341,15,12250,11.8776,10,1,174.644,0.0142567,0.186923,15,10,1537980,0.063,10464,0.00093,10.464,AVL
342,15,12254,11.8779,10,1,174.85,0.0142688,0.186984,15,10,1539686,0.031,10372,0.000857,10.372,AVL
343,15,12262,11.8782,10,1,175.219,0.0142896,0.187106,15,10,1542314,0.009,10545,0.001044,10.545,AVL
344,15,12272,11.8792,10,1,175.827,0.0143275,0.187259,15,10,1544805,0.056,10352,0.001066,10.352,AVL
345,15,12307,11.8823,10,1,177.186,0.0143972,0.187793,15,10,1555403,0.117,10541,0.001152,10.541,AVL
346,15,12314,11.8829,10,1,177.653,0.0144269,0.1879,15,10,1559251,0.018,10514,0.000977,10.514,AVL
347,15,12324,11.884,10,1,178.159,0.0144563,0.188052,15,10,1561902,0.009,10435,0.000948,10.435,AVL
348,15,12335,11.8851,10,1,178.902,0.0145036,0.18822,15,10,1566970,0.155,10439,0.001629,10.439,AVL
349,15,12339,11.8856,10,1,179.26,0.0145279,0.188281,15,10,1569631,0.015,10460,0.001001,10.46,AVL
350,15,12346,11.8865,10,1,179.762,0.0145603,0.188388,15,10,1573142,0.108,10467,0.001153,10.467,AVL
351,15,12350,11.8872,10,1,180.258,0.0145958,0.188449,15,10,1574888,0.02,10568,0.001038,10.568,AVL
352,15,12388,11.8916,10,1,181.006,0.0146114,0.189029,15,10,1580212,0.053,10650,0.001328,10.65,AVL
353,15,12396,11.8924,10,1,181.616,0.0146512,0.189151,15,10,1584897,0.226,10301,0.001591,10.301,AVL
354,15,12405,11.8933,10,1,182.631,0.0147224,0.189288,15,10,1588613,0.073,10573,0.001173,10.573,AVL
355,15,12411,11.894,10,1,183.788,0.0148085,0.18938,15,10,1594077,0.022,10662,0.00066,10.662,AVL
356,15,12432,11.8959,10,1,184.857,0.0148694,0.1897,15,10,1597957,0.012,10562,0.000976,10.562,AVL
357,15,12438,11.8965,10,1,185.282,0.0148964,0.189792,15,10,1600436,0.009,10271,0.000814,10.271,AVL
358,15,12443,11.8972,10,1,185.642,0.0149194,0.189868,15,10,1602762,0.008,10417,0.000662,10.417,AVL
359,15,12453,11.8983,10,1,186.873,0.0150063,0.190021,15,10,1607054,0.019,10474,0.00101,10.474,AVL
360,15,12462,11.8988,10,1,187.33,0.0150321,0.190158,15,10,1610282,0.104,10394,0.001072,10.394,AVL
361,15,12477,11.9006,10,1,187.998,0.0150676,0.190387,15,10,1613202,0.117,10575,0.001168,10.575,AVL
362,15,12493,11.903,10,1,189.333,0.0151551,0.190631,15,10,1619160,0.01,10541,0.001057,10.541,AVL
363,15,12536,11.9078,10,1,190.437,0.0151912,0.191287,15,10,1629395,0.02,10587,0.001011,10.587,AVL
364,15,12549,11.9096,10,1,191.532,0.0152627,0.191485,15,10,1635393,0.046,10380,0.00131,10.38,AVL
365,15,12556,11.9106,10,1,191.888,0.0152826,0.191592,15,10,1637593,0.023,10551,0.000912,10.551,AVL
366,15,12564,11.9117,10,1,192.281,0.0153041,0.191714,15,10,1640719,0.065,10428,0.001128,10.428,AVL
367,15,12565,11.9118,10,1,192.582,0.0153269,0.19173,15,10,1642406,0.045,10373,0.00118,10.373,AVL
368,15,12573,11.9126,10,1,193.042,0.0153537,0.191852,15,10,1645394,0.056,10429,0.000736,10.429,AVL
369,15,12588,11.9144,10,1,194.849,0.0154789,0.192081,15,10,1652845,0.131,10471,0.001279,10.471,AVL
370,15,12597,11.9153,10,1,195.506,0.01552,0.192218,15,10,1656715,0.028,10482,0.001106,10.482,AVL
371,15,12610,11.9167,10,1,196.06,0.015548,0.192416,15,10,1661470,0.016,10639,0.001104,10.639,AVL
372,15,12645,11.9198,10,1,199.523,0.0157788,0.19295,15,10,1682133,0.018,10495,0.001155,10.495,AVL
373,15,12654,11.9207,10,1,199.836,0.0157923,0.193088,15,10,1684638,0.111,10504,0.001249,10.504,AVL
374,15,12667,11.9222,10,1,200.533,0.0158311,0.193286,15,10,1687618,0.012,10511,0.000851,10.511,AVL
375,15,12683,11.9242,10,1,200.995,0.0158476,0.19353,15,10,1691170,0.018,10522,0.001081,10.522,AVL
376,15,12685,11.9242,10,1,201.293,0.0158686,0.193561,15,10,1692374,0.011,10683,0.001207,10.683,AVL
377,15,12695,11.9252,10,1,201.895,0.0159035,0.193713,15,10,1696399,0.105,10535,0.001555,10.535,AVL
378,15,12710,11.927,10,1,202.666,0.0159454,0.193942,15,10,1702859,0.02,10594,0.000984,10.594,AVL
379,15,12728,11.9283,10,1,203.241,0.015968,0.194217,15,10,1706707,0.116,10578,0.001247,10.578,AVL
380,15,12739,11.9295,10,1,203.813,0.0159991,0.194385,15,10,1710965,0.271,10477,0.001537,10.477,AVL
381,15,12741,11.9298,10,1,204.246,0.0160306,0.194415,15,10,1712748,0.017,10403,0.001036,10.403,AVL
382,15,12756,11.9312,10,1,205.608,0.0161185,0.194644,15,10,1720002,0.104,10571,0.001275,10.571,AVL
383,15,12773,11.9335,10,1,206.103,0.0161358,0.194903,15,10,1724287,0.015,10538,0.000687,10.538,AVL
384,15,12781,11.9341,10,1,206.736,0.0161753,0.195026,15,10,1729734,0.103,10381,0.00105,10.381,AVL
385,15,12799,11.9356,10,1,208.077,0.0162573,0.1953,15,10,1736602,0.016,10693,0.001073,10.693,AVL
386,15,12802,11.9359,10,1,208.324,0.0162728,0.195346,15,10,1738515,0.021,10610,0.001288,10.61,AVL
387,15,12812,11.9369,10,1,209.235,0.0163312,0.195499,15,10,1742995,0.016,10561,0.001222,10.561,AVL
388,15,12817,11.9372,10,1,209.714,0.0163622,0.195575,15,10,1745894,0.016,10499,0.001031,10.499,AVL
389,15,12828,11.9383,10,1,210.422,0.0164033,0.195743,15,10,1751179,0.01,10504,0.000976,10.504,AVL
390,15,12832,11.9388,10,1,210.873,0.0164334,0.195804,15,10,1752931,0.165,10624,0.001467,10.624,AVL
391,15,12842,11.9402,10,1,211.778,0.016491,0.195956,15,10,1757128,0.018,10624,0.001026,10.624,AVL
392,15,12844,11.9404,10,1,212.047,0.0165094,0.195987,15,10,1758304,0.011,10445,0.001129,10.445,AVL
393,15,12847,11.9407,10,1,212.401,0.0165331,0.196033,15,10,1760740,0.016,10442,0.001079,10.442,AVL
394,15,12859,11.9422,10,1,212.783,0.0165474,0.196216,15,10,1763475,0.028,10541,0.001119,10.541,AVL
395,15,12868,11.9431,10,1,213.06,0.0165574,0.196353,15,10,1765155,0.025,10608,0.001011,10.608,AVL
396,15,12877,11.9446,10,1,213.605,0.0165881,0.19649,15,10,1769406,0.023,10471,0.001071,10.471,AVL
397,15,12892,11.9465,10,1,214.686,0.0166527,0.196719,15,10,1778266,0.02,10585,0.001101,10.585,AVL
398,15,12904,11.9474,10,1,215.499,0.0167002,0.196902,15,10,1782093,0.107,10589,0.001086,10.589,AVL
399,15,12914,11.9487,10,1,216.096,0.0167335,0.197055,15,10,1785446,0.011,10417,0.001084,10.417,AVL
400,15,12927,11.9499,10,1,216.648,0.0167593,0.197253,15,10,1789669,0.217,10451,0.001751,10.451,AVL
401,15,12932,11.9505,10,1,216.831,0.016767,0.19733,15,10,1790885,0.015,10485,0.00106,10.485,AVL
402,15,12948,11.9527,10,1,218.254,0.0168562,0.197574,15,10,1797576,0.009,10302,0.001021,10.302,AVL
403,15,12961,11.9541,10,1,219.039,0.0168999,0.197772,15,10,1805077,0.032,10534,0.001158,10.534,AVL
404,15,12969,11.955,10,1,219.731,0.0169428,0.197894,15,10,1809437,0.016,10711,0.001169,10.711,AVL
405,15,12972,11.9554,10,1,220.099,0.0169672,0.19794,15,10,1811769,0.025,10373,0.001247,10.373,AVL
406,15,12980,11.9564,10,1,221.82,0.0170894,0.198062,15,10,1818372,0.014,10675,0.001146,10.675,AVL
407,15,12991,11.9577,10,1,222.886,0.017157,0.19823,15,10,1824150,0.011,10493,0.001103,10.493,AVL
408,15,13011,11.9599,10,1,223.801,0.0172009,0.198535,15,10,1830663,0.086,10380,0.001295,10.38,AVL
409,15,13015,11.9604,10,1,224.067,0.0172161,0.198596,15,10,1832325,0.018,10640,0.001212,10.64,AVL
410,15,13025,11.9614,10,1,225.028,0.0172766,0.198749,15,10,1837089,0.019,10567,0.001056,10.567,AVL
411,15,13033,11.9623,10,1,225.518,0.0173036,0.198871,15,10,1841047,0.01,10409,0.000979,10.409,AVL
412,15,13034,11.9625,10,1,225.639,0.0173116,0.198886,15,10,1841833,0.018,10506,0.001141,10.506,AVL
413,15,13044,11.9636,10,1,226.112,0.0173346,0.199039,15,10,1845913,0.014,10552,0.001032,10.552,AVL
414,15,13065,11.9653,10,1,226.891,0.0173663,0.199359,15,10,1852223,0.016,10535,0.001091,10.535,AVL
415,15,13074,11.9661,10,1,227.89,0.0174308,0.199496,15,10,1856482,0.021,10639,0.001046,10.639,AVL
416,15,13086,11.9674,10,1,228.435,0.0174564,0.19968,15,10,1860441,0.022,10571,0.00157,10.571,AVL
417,15,13097,11.9687,10,1,228.977,0.0174832,0.199847,15,10,1865679,0.085,10619,0.001513,10.619,AVL
418,15,13106,11.9699,10,1,229.446,0.0175069,0.199985,15,10,1869872,0.03,10566,0.00164,10.566,AVL
419,15,13118,11.9715,10,1,229.925,0.0175274,0.200168,15,10,1873036,0.022,10544,0.001688,10.544,AVL
420,15,13128,11.9727,10,1,230.269,0.0175403,0.20032,15,10,1876381,0.142,10491,0.00156,10.491,AVL
421,15,13129,11.9727,10,1,230.95,0.0175908,0.200336,15,10,1879321,0.03,10602,0.001688,10.602,AVL
422,15,13138,11.9737,10,1,231.851,0.0176474,0.200473,15,10,1885330,0.018,10460,0.001654,10.46,AVL
423,15,13152,11.9754,10,1,232.53,0.0176802,0.200687,15,10,1890896,0.019,10351,0.001474,10.351,AVL
424,15,13166,11.9774,10,1,233.157,0.017709,0.2009,15,10,1895949,0.019,10473,0.001012,10.473,AVL
425,15,13175,11.978,10,1,233.916,0.0177545,0.201038,15,10,1899647,0.01,10576,0.001085,10.576,AVL
426,15,13190,11.9795,10,1,234.772,0.0177992,0.201266,15,10,1904776,0.021,10516,0.001282,10.516,AVL
427,15,13194,11.9802,10,1,235.327,0.0178359,0.201328,15,10,1907682,0.037,10455,0.001075,10.455,AVL
428,15,13203,11.9814,10,1,235.769,0.0178572,0.201465,15,10,1909913,0.019,10513,0.001243,10.513,AVL
429,15,13211,11.9823,10,1,236.29,0.0178859,0.201587,15,10,1913725,0.01,10641,0.001086,10.641,AVL
430,15,13220,11.9833,10,1,238.215,0.0180193,0.201724,15,10,1918843,0.006,10527,0.000683,10.527,AVL
431,15,13234,11.9847,10,1,239.205,0.018075,0.201938,15,10,1924935,0.017,10533,0.001021,10.533,AVL
432,15,13240,11.9853,10,1,239.915,0.0181205,0.202029,15,10,1929761,0.032,10556,0.0012,10.556,AVL
433,15,13264,11.9873,10,1,242.159,0.0182569,0.202396,15,10,1947179,0.013,10519,0.001007,10.519,AVL
434,15,13287,11.9906,10,1,243.266,0.0183086,0.202747,15,10,1955229,0.016,10471,0.001184,10.471,AVL
435,15,13291,11.9911,10,1,243.614,0.0183292,0.202808,15,10,1957913,0.018,10383,0.001078,10.383,AVL
436,15,13299,11.992,10,1,244.175,0.0183604,0.20293,15,10,1961194,0.006,10601,0.00062,10.601,AVL
437,15,13300,11.992,10,1,244.616,0.0183922,0.202945,15,10,1962643,0.044,10497,0.001034,10.497,AVL
438,15,13302,11.9922,10,1,245.064,0.0184231,0.202976,15,10,1964446,0.034,10516,0.001363,10.516,AVL
439,15,13304,11.9924,10,1,245.375,0.0184437,0.203006,15,10,1965864,0.208,10598,0.001684,10.598,AVL
440,15,13310,11.9927,10,1,245.769,0.018465,0.203098,15,10,1967579,0.02,10609,0.001096,10.609,AVL
441,15,13323,11.9943,10,1,247.236,0.0185571,0.203296,15,10,1975503,0.016,10649,0.000677,10.649,AVL
442,15,13341,11.9962,10,1,248.776,0.0186475,0.203571,15,10,1980970,0.02,10464,0.001012,10.464,AVL
443,15,13346,11.9969,10,1,249.052,0.0186612,0.203647,15,10,1982230,0.012,10577,0.000552,10.577,AVL
444,15,13383,12.0014,10,1,250.059,0.0186848,0.204211,15,10,1990156,0.018,10609,0.00103,10.609,AVL
445,15,13387,12.0017,10,1,250.683,0.0187259,0.204273,15,10,1994796,0.018,10551,0.000993,10.551,AVL
446,15,13390,12.0019,10,1,250.871,0.0187357,0.204318,15,10,1996122,0.084,10454,0.0013,10.454,AVL
447,15,13401,12.0032,10,1,251.889,0.0187963,0.204486,15,10,2001185,0.017,10458,0.001046,10.458,AVL
448,15,13406,12.0038,10,1,252.203,0.0188127,0.204562,15,10,2003119,0.068,10498,0.001457,10.498,AVL
449,15,13408,12.0042,10,1,252.74,0.0188499,0.204593,15,10,2005786,0.016,10344,0.001038,10.344,AVL
450,15,13419,12.0049,10,1,253.337,0.018879,0.204761,15,10,2009203,0.018,10642,0.00102,10.642,AVL
451,15,13423,12.0054,10,1,253.626,0.0188949,0.204822,15,10,2010657,0.064,10455,0.001219,10.455,AVL
452,15,13428,12.006,10,1,253.926,0.0189102,0.204898,15,10,2011972,0.024,10405,0.001184,10.405,AVL
453,15,13432,12.0065,10,1,254.349,0.018936,0.204959,15,10,2014633,0.093,10412,0.001482,10.412,AVL
454,15,13448,12.0081,10,1,255.357,0.0189885,0.205203,15,10,2019490,0.058,10685,0.001762,10.685,AVL
455,15,13458,12.0094,10,1,255.854,0.0190113,0.205356,15,10,2022686,0.022,10756,0.000738,10.756,AVL
456,15,13462,12.0097,10,1,256.604,0.0190614,0.205417,15,10,2027993,0.391,10452,0.001768,10.452,AVL
457,15,13479,12.0118,10,1,257.485,0.0191027,0.205676,15,10,2034968,0.021,10380,0.001022,10.38,AVL
458,15,13491,12.0131,10,1,258.84,0.0191861,0.205859,15,10,2041667,0.098,10735,0.001117,10.735,AVL
459,15,13500,12.0143,10,1,259.353,0.0192113,0.205997,15,10,2045986,0.052,10731,0.001349,10.731,AVL
460,15,13511,12.0156,10,1,259.893,0.0192357,0.206165,15,10,2049486,0.029,10590,0.000895,10.59,AVL
461,15,13520,12.0166,10,1,260.358,0.0192572,0.206302,15,10,2052077,0.022,10492,0.001102,10.492,AVL
462,15,13522,12.0167,10,1,260.846,0.0192905,0.206332,15,10,2055469,0.021,10500,0.000961,10.5,AVL
463,15,13538,12.0185,10,1,262.512,0.0193908,0.206577,15,10,2063137,0.014,10385,0.001178,10.385,AVL
464,15,13549,12.0199,10,1,262.964,0.0194084,0.206744,15,10,2066441,0.115,10408,0.001164,10.408,AVL
465,15,13558,12.0207,10,1,263.45,0.0194313,0.206882,15,10,2070133,0.013,10589,0.001089,10.589,AVL
466,15,13570,12.0221,10,1,263.841,0.019443,0.207065,15,10,2073283,0.104,10650,0.001255,10.65,AVL
467,15,13606,12.0253,10,1,267.406,0.0196535,0.207614,15,10,2091160,0.014,10554,0.001115,10.554,AVL
468,15,13622,12.027,10,1,268.06,0.0196785,0.207858,15,10,2096483,0.016,10600,0.001291,10.6,AVL
469,15,13637,12.0284,10,1,268.45,0.0196854,0.208087,15,10,2099260,0.02,10649,0.001037,10.649,AVL
470,15,13642,12.0289,10,1,269.367,0.0197454,0.208164,15,10,2101436,0.009,10627,0.001028,10.627,AVL
471,15,13658,12.0309,10,1,270.538,0.019808,0.208408,15,10,2110447,0.131,10550,0.001341,10.55,AVL
472,15,13659,12.031,10,1,270.837,0.0198285,0.208423,15,10,2112051,0.025,10586,0.001141,10.586,AVL
473,15,13660,12.0312,10,1,271.141,0.0198493,0.208438,15,10,2113536,0.018,10596,0.001049,10.596,AVL
474,15,13667,12.0301,10,1,271.496,0.0198651,0.208545,15,10,2115163,0.031,10441,0.001046,10.441,AVL
475,15,13670,12.0303,10,1,271.891,0.0198896,0.208591,15,10,2117999,0.02,10353,0.000992,10.353,AVL
476,15,13673,12.0308,10,1,272.027,0.0198952,0.208637,15,10,2118515,0.021,10555,0.001369,10.555,AVL
477,15,13677,12.0311,10,1,272.213,0.019903,0.208698,15,10,2119240,0.022,10720,0.001137,10.72,AVL
478,15,13678,12.0313,10,1,272.748,0.0199406,0.208713,15,10,2122208,0.074,10665,0.001445,10.665,AVL
479,15,13687,12.0321,10,1,273.271,0.0199657,0.20885,15,10,2124818,0.01,10296,0.001147,10.296,AVL
480,15,13691,12.0326,10,1,273.469,0.0199744,0.208911,15,10,2125583,0.018,10650,0.001283,10.65,AVL
481,15,13700,12.0335,10,1,274.857,0.0200626,0.209049,15,10,2130558,0.014,10359,0.001165,10.359,AVL
482,15,13708,12.0341,10,1,275.267,0.0200808,0.209171,15,10,2133336,0.021,10591,0.001032,10.591,AVL
483,15,13725,12.0361,10,1,275.93,0.0201042,0.20943,15,10,2138857,0.316,10511,0.001496,10.511,AVL
484,15,13733,12.0363,10,1,276.637,0.020144,0.209552,15,10,2144021,0.015,10627,0.001084,10.627,AVL
485,15,13739,12.037,10,1,277.568,0.0202029,0.209644,15,10,2147502,0.022,10611,0.00119,10.611,AVL
486,15,13752,12.0382,10,1,278.153,0.0202264,0.209842,15,10,2152181,0.015,10497,0.000896,10.497,AVL
487,15,13758,12.0388,10,1,278.572,0.020248,0.209934,15,10,2154247,0.148,10592,0.001442,10.592,AVL
488,15,13765,12.0396,10,1,278.921,0.0202631,0.21004,15,10,2157382,0.009,10624,0.000899,10.624,AVL
489,16,13778,12.0409,10,1,279.726,0.0203024,0.105119,16,10,2161103,1.561,10571,0.002929,10.571,AVL
490,16,13782,12.0414,10,1,280.253,0.0203347,0.105149,16,10,2164829,0.04,10181,0.00074,10.181,AVL
491,16,13790,12.0423,10,1,281.043,0.0203802,0.10521,16,10,2169844,0.011,10586,0.001284,10.586,AVL
492,16,13799,12.043,10,1,281.529,0.0204021,0.105279,16,10,2171726,0.02,10552,0.001048,10.552,AVL
493,16,13818,12.0446,10,1,282.477,0.0204427,0.105424,16,10,2178439,0.069,10671,0.001485,10.671,AVL
494,16,13823,12.045,10,1,283.083,0.0204791,0.105462,16,10,2181764,0.06,10608,0.001332,10.608,AVL
495,16,13824,12.0449,10,1,283.332,0.0204957,0.10547,16,10,2183184,0.158,10530,0.002201,10.53,AVL
496,16,13832,12.0456,10,1,284.459,0.0205653,0.105531,16,10,2187892,0.042,10654,0.000986,10.654,AVL
497,16,13835,12.0458,10,1,285.223,0.020616,0.105553,16,10,2190124,0.008,10397,0.000695,10.397,AVL
498,16,13842,12.0466,10,1,286.224,0.0206779,0.105607,16,10,2194478,0.006,10531,0.000719,10.531,AVL
499,16,13845,12.0468,10,1,286.9,0.0207223,0.10563,16,10,2197666,0.014,10458,0.000737,10.458,AVL
500,16,13858,12.0483,10,1,288.342,0.0208069,0.105729,16,10,2204292,0.01,10459,0.000786,10.459,AVL
501,16,13884,12.0506,10,1,289.846,0.0208763,0.105927,16,10,2215416,0.142,10496,0.001143,10.496,AVL
502,16,13896,12.0516,10,1,290.815,0.020928,0.106019,16,10,2221360,0.151,10491,0.001675,10.491,AVL
503,16,13904,12.0524,10,1,291.682,0.0209783,0.10608,16,10,2225596,0.097,10593,0.000774,10.593,AVL
504,16,13907,12.0527,10,1,292.195,0.0210106,0.106103,16,10,2228640,0.009,10704,0.000745,10.704,AVL
505,16,13927,12.0548,10,1,293.356,0.0210638,0.106255,16,10,2236484,0.017,10535,0.000732,10.535,AVL
506,16,13929,12.055,10,1,293.657,0.0210824,0.106271,16,10,2238474,0.032,10475,0.000779,10.475,AVL
507,16,13937,12.056,10,1,294.371,0.0211215,0.106332,16,10,2243168,0.13,10797,0.001226,10.797,AVL
508,16,13949,12.057,10,1,295.168,0.0211605,0.106423,16,10,2250193,0.107,10558,0.00104,10.558,AVL
509,16,13950,12.0572,10,1,295.353,0.0211723,0.106431,16,10,2251445,0.008,10595,0.000856,10.595,AVL
510,16,13953,12.0576,10,1,295.875,0.0212051,0.106454,16,10,2254214,0.021,10533,0.000854,10.533,AVL
511,16,13974,12.0594,10,1,297.454,0.0212862,0.106614,16,10,2269077,0.019,10632,0.000806,10.632,AVL
512,16,13977,12.0597,10,1,297.642,0.0212951,0.106637,16,10,2270617,0.028,10523,0.000909,10.523,AVL
513,16,13979,12.0599,10,1,298.073,0.0213229,0.106652,16,10,2273612,0.012,10522,0.00078,10.522,AVL
514,16,13984,12.0602,10,1,298.858,0.0213714,0.10669,16,10,2275854,0.078,10734,0.00112,10.734,AVL
515,16,13987,12.0606,10,1,299.488,0.0214119,0.106713,16,10,2279238,0.01,10672,0.000758,10.672,AVL
516,16,13987,12.0606,10,1,299.716,0.0214282,0.106713,16,10,2280108,0.023,10629,0.000988,10.629,AVL
517,16,13998,12.0619,10,1,300.557,0.0214714,0.106797,16,10,2284500,0.03,10316,0.000527,10.316,AVL
518,16,14008,12.0632,10,1,301.923,0.0215536,0.106873,16,10,2289527,0.015,10488,0.000779,10.488,AVL
519,16,14053,12.0675,10,1,304.877,0.0216948,0.107217,16,10,2303187,0.01,10606,0.000767,10.606,AVL
520,16,14063,12.0686,10,1,305.608,0.0217314,0.107293,16,10,2306085,0.014,10578,0.0005,10.578,AVL
521,16,14064,12.0686,10,1,305.945,0.0217538,0.107301,16,10,2308396,0.018,10421,0.000817,10.421,AVL
522,16,14077,12.0703,10,1,306.755,0.0217912,0.1074,16,10,2314105,0.028,10565,0.001088,10.565,AVL
523,16,14089,12.0717,10,1,307.825,0.0218486,0.107491,16,10,2319184,0.009,10715,0.000755,10.715,AVL
524,16,14090,12.0718,10,1,308.396,0.0218876,0.107499,16,10,2321860,0.006,10694,0.000453,10.694,AVL
525,16,14094,12.0722,10,1,308.757,0.021907,0.10753,16,10,2324015,0.01,10527,0.000429,10.527,AVL
526,16,14097,12.0724,10,1,309.756,0.0219732,0.107552,16,10,2328120,0.016,10476,0.000748,10.476,AVL
527,16,14107,12.0735,10,1,310.095,0.0219816,0.107629,16,10,2330234,0.018,10489,0.000853,10.489,AVL
528,16,14116,12.0745,10,1,310.5,0.0219963,0.107697,16,10,2332705,0.01,10711,0.000445,10.711,AVL
529,16,14118,12.0747,10,1,310.867,0.0220192,0.107713,16,10,2334813,0.039,10558,0.000971,10.558,AVL
530,16,14134,12.0753,10,1,311.64,0.022049,0.107835,16,10,2340451,0.018,10490,0.000608,10.49,AVL
531,16,14144,12.0765,10,1,312.768,0.0221131,0.107911,16,10,2345685,0.008,10693,0.000728,10.693,AVL
532,16,14149,12.077,10,1,313.284,0.0221418,0.107949,16,10,2349095,0.017,10676,0.000895,10.676,AVL
533,16,14192,12.0815,10,1,315.713,0.0222458,0.108277,16,10,2365381,0.141,10547,0.001206,10.547,AVL
534,16,14198,12.0823,10,1,316.512,0.0222927,0.108323,16,10,2368302,0.012,10566,0.000781,10.566,AVL
535,16,14205,12.0828,10,1,317.6,0.0223583,0.108376,16,10,2373939,0.104,10583,0.000966,10.583,AVL
536,16,14211,12.0834,10,1,319.103,0.0224546,0.108422,16,10,2379637,0.103,10575,0.001271,10.575,AVL
537,16,14216,12.084,10,1,319.516,0.0224758,0.10846,16,10,2382201,0.035,10511,0.000742,10.511,AVL
538,16,14222,12.0847,10,1,320.081,0.022506,0.108506,16,10,2386001,0.008,10540,0.000748,10.54,AVL
539,16,14226,12.084,10,1,320.515,0.0225302,0.108537,16,10,2389024,0.007,10712,0.000436,10.712,AVL
540,16,14228,12.0841,10,1,320.85,0.0225506,0.108552,16,10,2391633,0.012,10568,0.000497,10.568,AVL
541,16,14229,12.0842,10,1,321.395,0.0225873,0.108559,16,10,2393846,0.017,10643,0.000469,10.643,AVL
542,16,14240,12.0853,10,1,322.444,0.0226435,0.108643,16,10,2398193,0.011,10613,0.000878,10.613,AVL
543,16,14257,12.087,10,1,323.26,0.0226738,0.108773,16,10,2403717,0.14,10418,0.001137,10.418,AVL
544,16,14281,12.0895,10,1,325.276,0.0227768,0.108956,16,10,2415517,0.019,10632,0.000768,10.632,AVL
545,16,14288,12.0902,10,1,325.925,0.0228111,0.10901,16,10,2420775,0.04,10530,0.000931,10.53,AVL
546,16,14302,12.0918,10,1,326.777,0.0228483,0.109116,16,10,2425855,0.024,10765,0.000919,10.765,AVL
547,16,14303,12.0919,10,1,327.777,0.0229167,0.109124,16,10,2430583,0.015,10620,0.000763,10.62,AVL
548,16,14318,12.0932,10,1,328.905,0.0229714,0.109239,16,10,2439142,0.023,10611,0.000886,10.611,AVL
549,16,14331,12.0941,10,1,330.215,0.023042,0.109338,16,10,2448399,0.069,10661,0.000866,10.661,AVL
550,16,14334,12.0942,10,1,330.413,0.023051,0.109361,16,10,2449390,0.017,10583,0.000773,10.583,AVL
551,16,14348,12.0956,10,1,330.939,0.0230652,0.109467,16,10,2452312,0.098,10598,0.000897,10.598,AVL
552,16,14348,12.0956,10,1,331.185,0.0230823,0.109467,16,10,2453321,0.019,10621,0.000929,10.621,AVL
553,16,14351,12.0959,10,1,331.934,0.0231297,0.10949,16,10,2455837,0.012,10566,0.000785,10.566,AVL
554,16,14358,12.0967,10,1,332.585,0.0231637,0.109544,16,10,2459335,0.011,10529,0.000804,10.529,AVL
555,16,14366,12.0977,10,1,333.243,0.0231966,0.109605,16,10,2464321,0.066,10585,0.000991,10.585,AVL
556,16,14372,12.0983,10,1,333.654,0.0232156,0.10965,16,10,2466873,0.019,10544,0.000514,10.544,AVL
557,16,14381,12.0994,10,1,335.381,0.0233211,0.109719,16,10,2476416,0.011,10570,0.000785,10.57,AVL
558,16,14384,12.0998,10,1,335.751,0.023342,0.109742,16,10,2478861,0.009,10598,0.000768,10.598,AVL
559,16,14397,12.1009,10,1,336.346,0.0233622,0.109841,16,10,2482949,0.005,10609,0.000432,10.609,AVL
560,16,14403,12.1014,10,1,336.833,0.0233863,0.109887,16,10,2489180,0.012,10642,0.000822,10.642,AVL
561,16,14415,12.1029,10,1,337.697,0.0234268,0.109979,16,10,2494110,0.012,10525,0.000802,10.525,AVL
562,16,14416,12.1029,10,1,338.353,0.0234707,0.109986,16,10,2496495,0.055,10536,0.001299,10.536,AVL
563,16,14419,12.1033,10,1,338.761,0.0234941,0.110009,16,10,2499281,0.031,10590,0.000776,10.59,AVL
564,16,14422,12.1036,10,1,339.139,0.0235154,0.110032,16,10,2501760,0.012,10635,0.000786,10.635,AVL
565,16,14429,12.1042,10,1,340.45,0.0235948,0.110085,16,10,2508649,0.058,10694,0.001199,10.694,AVL
566,16,14434,12.1047,10,1,341.449,0.0236559,0.110124,16,10,2512906,0.041,10686,0.001038,10.686,AVL
567,16,14440,12.1053,10,1,342.277,0.0237034,0.110169,16,10,2517322,0.015,10794,0.000794,10.794,AVL
568,16,14444,12.1056,10,1,342.898,0.0237398,0.1102,16,10,2520672,0.112,10817,0.001148,10.817,AVL
569,16,14455,12.107,10,1,343.968,0.0237958,0.110284,16,10,2525978,0.006,10702,0.000501,10.702,AVL
570,16,14467,12.108,10,1,345.017,0.0238486,0.110375,16,10,2531553,0.012,10517,0.000609,10.517,AVL
571,16,14492,12.1103,10,1,348.433,0.0240431,0.110566,16,10,2550780,0.005,10637,0.000435,10.637,AVL
572,16,14493,12.1104,10,1,348.781,0.0240655,0.110574,16,10,2552565,0.042,10650,0.000891,10.65,AVL
573,16,14495,12.1106,10,1,349.023,0.0240789,0.110589,16,10,2553932,0.069,10708,0.000882,10.708,AVL
574,16,14501,12.1112,10,1,349.465,0.0240994,0.110635,16,10,2555570,0.013,10617,0.000916,10.617,AVL
575,16,14518,12.1119,10,1,351.374,0.0242026,0.110764,16,10,2565420,0.209,10750,0.001722,10.75,AVL
576,16,14552,12.1146,10,1,355.319,0.0244172,0.111024,16,10,2588315,0.035,10843,0.000911,10.843,AVL
577,16,14574,12.1166,10,1,355.963,0.0244245,0.111192,16,10,2593163,0.011,10671,0.000759,10.671,AVL
578,16,14579,12.1173,10,1,356.339,0.0244419,0.11123,16,10,2594773,0.138,10598,0.001021,10.598,AVL
579,16,14581,12.1175,10,1,356.838,0.0244728,0.111245,16,10,2596413,0.058,10642,0.00117,10.642,AVL
580,16,14615,12.1209,10,1,358.179,0.0245076,0.111504,16,10,2606980,0.011,10612,0.000418,10.612,AVL
581,16,14618,12.1214,10,1,359.532,0.0245952,0.111527,16,10,2610068,0.118,10708,0.001191,10.708,AVL
582,16,14627,12.1222,10,1,360.41,0.02464,0.111596,16,10,2614574,0.027,10657,0.000412,10.657,AVL
583,16,14630,12.1224,10,1,360.71,0.0246555,0.111619,16,10,2615767,0.389,10454,0.001475,10.454,AVL
584,16,14637,12.123,10,1,362.644,0.0247758,0.111672,16,10,2624670,0.008,10492,0.000744,10.492,AVL
585,16,14647,12.1243,10,1,363.454,0.0248142,0.111749,16,10,2629209,0.011,10673,0.000818,10.673,AVL
586,16,14654,12.1249,10,1,364.171,0.0248513,0.111802,16,10,2633172,0.045,10691,0.000891,10.691,AVL
587,16,14658,12.1253,10,1,364.557,0.0248709,0.111833,16,10,2635393,0.017,10451,0.000997,10.451,AVL
588,16,14663,12.1259,10,1,365.238,0.0249088,0.111871,16,10,2637398,0.229,10652,0.001511,10.652,AVL
589,16,14672,12.1267,10,1,365.993,0.024945,0.111939,16,10,2643009,0.137,10688,0.001497,10.688,AVL
590,16,14677,12.1271,10,1,366.323,0.024959,0.111977,16,10,2645320,0.132,10648,0.001392,10.648,AVL
591,16,14688,12.1281,10,1,368.494,0.0250881,0.112061,16,10,2657194,0.008,10549,0.000448,10.549,AVL
592,16,14697,12.1292,10,1,369.052,0.0251107,0.11213,16,10,2660814,0.01,10708,0.000498,10.708,AVL
593,16,14710,12.1305,10,1,369.93,0.0251482,0.112229,16,10,2667504,0.023,10649,0.000504,10.649,AVL
594,16,14718,12.1313,10,1,370.929,0.0252024,0.11229,16,10,2670726,0.007,10754,0.000431,10.754,AVL
595,16,14722,12.1318,10,1,371.491,0.0252337,0.112321,16,10,2673227,0.01,10497,0.000787,10.497,AVL
596,16,14724,12.132,10,1,372.159,0.0252757,0.112336,16,10,2676091,0.011,10654,0.000792,10.654,AVL
597,16,14736,12.133,10,1,374.6,0.0254207,0.112428,16,10,2683879,0.014,10693,0.00079,10.693,AVL
598,16,14754,12.1343,10,1,376.293,0.0255045,0.112565,16,10,2696139,0.009,10546,0.000828,10.546,AVL
599,16,14765,12.1354,10,1,376.725,0.0255147,0.112649,16,10,2698949,0.017,10621,0.000818,10.621,AVL
600,16,14781,12.1369,10,1,379.008,0.0256416,0.112771,16,10,2709124,0.024,10688,0.000929,10.688,AVL
601,16,14784,12.1372,10,1,379.488,0.0256688,0.112794,16,10,2712127,0.13,10684,0.001218,10.684,AVL
602,16,14796,12.1383,10,1,380.455,0.0257134,0.112885,16,10,2715582,0.014,10522,0.000934,10.522,AVL
603,16,14804,12.1394,10,1,381.372,0.0257614,0.112946,16,10,2721773,0.01,10586,0.00066,10.586,AVL
604,16,14807,12.1397,10,1,382.41,0.0258263,0.112969,16,10,2729682,0.102,10481,0.00087,10.481,AVL
605,16,14808,12.1398,10,1,382.69,0.0258435,0.112977,16,10,2731229,0.087,10606,0.001164,10.606,AVL
606,16,14821,12.1409,10,1,383.281,0.0258607,0.113076,16,10,2734867,0.099,10682,0.000914,10.682,AVL
607,16,14824,12.1413,10,1,383.856,0.0258942,0.113099,16,10,2738632,0.013,10547,0.000729,10.547,AVL
608,16,14829,12.1416,10,1,384.639,0.0259383,0.113137,16,10,2742206,0.016,10557,0.000779,10.557,AVL
609,16,14839,12.1429,10,1,385.626,0.0259873,0.113213,16,10,2745149,0.038,10647,0.000519,10.647,AVL
610,16,14861,12.1458,10,1,388.169,0.02612,0.113381,16,10,2757253,0.108,10443,0.001045,10.443,AVL
611,16,14863,12.146,10,1,389.277,0.026191,0.113397,16,10,2761691,0.015,10801,0.000835,10.801,AVL
612,16,14873,12.147,10,1,390.061,0.0262261,0.113473,16,10,2767908,0.01,10717,0.000761,10.717,AVL
613,16,14878,12.1474,10,1,390.335,0.0262357,0.113511,16,10,2769285,0.061,10805,0.001377,10.805,AVL
614,16,14887,12.1485,10,1,391.313,0.0262856,0.11358,16,10,2774273,0.021,10713,0.000927,10.713,AVL
615,16,14890,12.1488,10,1,391.83,0.026315,0.113603,16,10,2777491,0.076,10795,0.001221,10.795,AVL
616,16,14891,12.1489,10,1,392.475,0.0263565,0.11361,16,10,2780429,0.045,10848,0.000612,10.848,AVL
617,16,14892,12.149,10,1,393.198,0.0264033,0.113618,16,10,2784362,0.056,10780,0.001156,10.78,AVL
618,16,14896,12.1492,10,1,393.441,0.0264125,0.113648,16,10,2785505,0.007,10817,0.000457,10.817,AVL
619,16,14910,12.1506,10,1,394.197,0.0264384,0.113755,16,10,2788882,0.057,10889,0.001007,10.889,AVL
620,16,14921,12.1515,10,1,395.026,0.0264745,0.113839,16,10,2793393,0.012,10609,0.000846,10.609,AVL
621,16,14925,12.1518,10,1,395.751,0.026516,0.11387,16,10,2796923,0.007,10625,0.000413,10.625,AVL
622,16,14926,12.1518,10,1,396.259,0.0265482,0.113877,16,10,2798335,0.05,10690,0.001323,10.69,AVL
623,16,14935,12.1527,10,1,396.82,0.0265698,0.113946,16,10,2800525,0.008,10576,0.000823,10.576,AVL
624,16,14936,12.1528,10,1,397.139,0.0265894,0.113954,16,10,2801699,0.037,10594,0.001066,10.594,AVL
625,16,14948,12.1542,10,1,398.702,0.0266726,0.114045,16,10,2808845,0.016,10738,0.000806,10.738,AVL
626,16,14955,12.1549,10,1,399.926,0.026742,0.114098,16,10,2811777,0.013,10608,0.000787,10.608,AVL
627,16,14957,12.1552,10,1,400.379,0.0267687,0.114114,16,10,2813717,0.023,10731,0.000719,10.731,AVL
628,16,14960,12.1555,10,1,400.904,0.0267984,0.114137,16,10,2815769,0.086,10503,0.000714,10.503,AVL
629,16,14962,12.1556,10,1,402.275,0.0268864,0.114152,16,10,2819956,0.012,10580,0.000838,10.58,AVL
630,16,14968,12.1563,10,1,402.614,0.0268983,0.114198,16,10,2821825,0.01,10610,0.000521,10.61,AVL
631,16,14971,12.1565,10,1,403.122,0.0269269,0.114221,16,10,2825120,0.02,10491,0.001289,10.491,AVL
632,16,14992,12.1582,10,1,405.56,0.0270518,0.114381,16,10,2835608,0.009,10685,0.000768,10.685,AVL
633,16,14999,12.1587,10,1,406.788,0.027121,0.114434,16,10,2839579,0.013,10672,0.000778,10.672,AVL
634,16,15003,12.159,10,1,407.542,0.027164,0.114465,16,10,2844436,0.007,10514,0.000462,10.514,AVL
635,16,15013,12.1599,10,1,408.439,0.0272057,0.114541,16,10,2847451,0.137,10605,0.001307,10.605,AVL
636,16,15018,12.1607,10,1,408.883,0.0272262,0.114579,16,10,2849553,0.012,10396,0.000797,10.396,AVL
637,16,15020,12.1609,10,1,409.266,0.0272481,0.114594,16,10,2851214,0.176,10634,0.001257,10.634,AVL
638,16,15041,12.1627,10,1,410.622,0.0273002,0.114755,16,10,2861507,0.014,10686,0.000517,10.686,AVL
639,16,15043,12.1629,10,1,410.842,0.0273112,0.11477,16,10,2862590,0.029,10584,0.001036,10.584,AVL
640,16,15045,12.1631,10,1,411.239,0.0273339,0.114785,16,10,2865110,0.093,10579,0.001058,10.579,AVL
641,16,15050,12.1637,10,1,411.555,0.0273458,0.114823,16,10,2866781,0.038,10767,0.000661,10.767,AVL
642,16,15063,12.1648,10,1,412.213,0.0273659,0.114922,16,10,2870698,0.004,10568,0.000428,10.568,AVL
643,16,15066,12.1651,10,1,412.639,0.0273888,0.114945,16,10,2872421,0.007,10713,0.00042,10.713,AVL
644,16,15079,12.1669,10,1,414.354,0.0274789,0.115045,16,10,2876961,0.012,10656,0.000806,10.656,AVL
645,16,15084,12.1671,10,1,414.757,0.0274965,0.115083,16,10,2879118,0.033,10706,0.000817,10.706,AVL
646,16,15092,12.1681,10,1,416.082,0.0275697,0.115144,16,10,2889102,0.079,10679,0.001419,10.679,AVL
647,16,15113,12.1702,10,1,418.29,0.0276775,0.115304,16,10,2899493,0.011,10649,0.000805,10.649,AVL
648,16,15114,12.1702,10,1,418.718,0.027704,0.115312,16,10,2902329,0.038,10735,0.000987,10.735,AVL
649,16,15128,12.1713,10,1,419.508,0.0277306,0.115418,16,10,2908117,0.112,10765,0.001345,10.765,AVL
650,16,15141,12.1726,10,1,420.833,0.0277943,0.115518,16,10,2915623,0.064,10685,0.001183,10.685,AVL
651,16,15143,12.1726,10,1,421.064,0.0278059,0.115533,16,10,2917340,0.011,10791,0.000823,10.791,AVL
652,16,15153,12.1733,10,1,421.457,0.0278134,0.115609,16,10,2920116,0.006,10589,0.000457,10.589,AVL
653,16,15158,12.1738,10,1,421.913,0.0278343,0.115647,16,10,2923236,0.1,10766,0.001387,10.766,AVL
654,16,15163,12.1744,10,1,422.455,0.0278609,0.115685,16,10,2925528,0.012,10758,0.000815,10.758,AVL
655,16,15163,12.1744,10,1,422.964,0.0278945,0.115685,16,10,2927987,0.017,10701,0.000824,10.701,AVL
656,16,15168,12.1746,10,1,423.403,0.0279142,0.115724,16,10,2930634,0.032,10524,0.000714,10.524,AVL
657,16,15173,12.1751,10,1,423.954,0.0279413,0.115762,16,10,2934204,0.009,10936,0.000464,10.936,AVL
658,16,15176,12.1753,10,1,424.263,0.0279562,0.115785,16,10,2935333,0.111,10447,0.001549,10.447,AVL
659,16,15186,12.1763,10,1,426.052,0.0280556,0.115861,16,10,2944367,0.015,10892,0.000722,10.892,AVL
660,16,15190,12.1768,10,1,426.738,0.0280934,0.115891,16,10,2947560,0.026,10643,0.000729,10.643,AVL
661,16,15203,12.1783,10,1,429.082,0.0282235,0.115991,16,10,2960285,0.006,10639,0.000446,10.639,AVL
662,16,15208,12.1791,10,1,429.822,0.0282629,0.116029,16,10,2963350,0.014,10659,0.000799,10.659,AVL
663,16,15213,12.1794,10,1,430.272,0.0282832,0.116067,16,10,2965457,0.01,10467,0.000732,10.467,AVL
664,16,15230,12.1812,10,1,431.619,0.0283401,0.116197,16,10,2975225,0.014,10674,0.000778,10.674,AVL
665,16,15240,12.1816,10,1,432.337,0.0283686,0.116273,16,10,2980971,0.02,10699,0.000814,10.699,AVL
666,16,15247,12.1822,10,1,433.49,0.0284312,0.116326,16,10,2985932,0.009,10684,0.000771,10.684,AVL
667,16,15251,12.1825,10,1,433.974,0.0284554,0.116357,16,10,2988610,0.017,10694,0.000825,10.694,AVL
668,16,15255,12.1829,10,1,434.796,0.0285019,0.116387,16,10,2995256,0.132,10711,0.000755,10.711,AVL
669,16,15259,12.183,10,1,435.084,0.0285133,0.116418,16,10,2997277,0.011,10541,0.000775,10.541,AVL
670,16,15261,12.1831,10,1,435.591,0.0285428,0.116433,16,10,3000426,0.149,10733,0.001668,10.733,AVL
671,16,15267,12.1837,10,1,436.119,0.0285661,0.116479,16,10,3004283,0.245,10508,0.001811,10.508,AVL
672,16,15268,12.1838,10,1,436.697,0.0286021,0.116486,16,10,3006270,0.135,10571,0.000898,10.571,AVL
673,16,15307,12.1876,10,1,437.475,0.0285801,0.116784,16,10,3012188,0.013,10725,0.000848,10.725,AVL
674,16,15307,12.1876,10,1,437.748,0.0285979,0.116784,16,10,3014008,0.113,10606,0.001294,10.606,AVL
675,16,15333,12.1902,10,1,439.352,0.028654,0.116982,16,10,3025218,0.011,10811,0.000867,10.811,AVL
676,16,15336,12.1903,10,1,439.932,0.0286862,0.117005,16,10,3027694,0.01,10714,0.00079,10.714,AVL
677,16,15341,12.1907,10,1,440.324,0.0287024,0.117043,16,10,3029900,0.009,10647,0.000747,10.647,AVL
678,16,15348,12.1914,10,1,440.843,0.0287232,0.117097,16,10,3031999,0.014,10734,0.000814,10.734,AVL
679,16,15365,12.1928,10,1,442.993,0.0288313,0.117227,16,10,3041159,0.028,10735,0.001071,10.735,AVL
680,16,15374,12.1936,10,1,444.012,0.0288807,0.117295,16,10,3046206,0.011,10522,0.000879,10.522,AVL
681,16,15393,12.196,10,1,445.63,0.0289502,0.11744,16,10,3055254,0.121,10606,0.001198,10.606,AVL
682,16,15393,12.196,10,1,445.962,0.0289717,0.11744,16,10,3057087,0.035,10624,0.000723,10.624,AVL
683,16,15400,12.1968,10,1,446.956,0.0290231,0.117494,16,10,3061718,0.096,10604,0.001225,10.604,AVL
684,16,15407,12.1975,10,1,448.018,0.0290789,0.117547,16,10,3068228,0.142,10607,0.001207,10.607,AVL
685,16,15409,12.1979,10,1,448.482,0.0291052,0.117562,16,10,3071231,0.014,10489,0.000801,10.489,AVL
686,16,15416,12.1987,10,1,450.144,0.0291998,0.117616,16,10,3077745,0.015,10680,0.000972,10.68,AVL
687,16,15421,12.1991,10,1,450.514,0.0292143,0.117654,16,10,3080353,0.009,10660,0.000823,10.66,AVL
688,16,15422,12.1993,10,1,450.634,0.0292202,0.117661,16,10,3081033,0.01,10558,0.000815,10.558,AVL
689,16,15431,12.2002,10,1,450.989,0.0292262,0.11773,16,10,3083335,0.059,10571,0.000913,10.571,AVL
690,16,15436,12.2006,10,1,452.162,0.0292927,0.117768,16,10,3090316,0.021,10703,0.000943,10.703,AVL
691,16,15440,12.2009,10,1,452.768,0.0293244,0.117799,16,10,3092559,0.03,10632,0.000766,10.632,AVL
692,16,15443,12.2013,10,1,453.303,0.0293533,0.117822,16,10,3095980,0.026,10568,0.000831,10.568,AVL
693,16,15461,12.2028,10,1,454.032,0.0293663,0.117959,16,10,3102120,0.012,10712,0.000815,10.712,AVL
694,16,15469,12.2037,10,1,454.5,0.0293813,0.11802,16,10,3104996,0.01,10442,0.000798,10.442,AVL
695,16,15476,12.2043,10,1,455.866,0.0294563,0.118073,16,10,3108194,0.005,10770,0.000492,10.77,AVL
696,16,15493,12.2061,10,1,456.864,0.0294884,0.118203,16,10,3114792,0.006,10568,0.000496,10.568,AVL
697,16,15495,12.2062,10,1,457.21,0.0295069,0.118218,16,10,3117053,0.042,10588,0.000766,10.588,AVL
698,16,15499,12.2065,10,1,457.72,0.0295322,0.118249,16,10,3120069,0.022,10512,0.000502,10.512,AVL
699,16,15507,12.2072,10,1,459.42,0.0296266,0.11831,16,10,3125397,0.005,10689,0.000446,10.689,AVL
700,16,15512,12.2078,10,1,459.81,0.0296422,0.118348,16,10,3127911,0.007,10697,0.000456,10.697,AVL
701,16,15514,12.208,10,1,460.313,0.0296708,0.118363,16,10,3131324,0.033,10731,0.000549,10.731,AVL
702,16,15516,12.208,10,1,460.457,0.0296763,0.118379,16,10,3132328,0.043,10799,0.001004,10.799,AVL
703,16,15525,12.209,10,1,460.911,0.0296883,0.118447,16,10,3135335,0.009,10818,0.000841,10.818,AVL
704,16,15535,12.21,10,1,461.555,0.0297107,0.118524,16,10,3137055,0.007,10703,0.000461,10.703,AVL
705,16,15537,12.2103,10,1,461.949,0.0297322,0.118539,16,10,3138559,0.008,10652,0.000767,10.652,AVL
706,16,15538,12.2103,10,1,462.586,0.0297713,0.118546,16,10,3141414,0.076,10783,0.000575,10.783,AVL
707,16,15545,12.2111,10,1,463.385,0.0298093,0.1186,16,10,3145051,0.027,10588,0.000935,10.588,AVL
708,16,15548,12.2113,10,1,464.468,0.0298732,0.118623,16,10,3147572,0.012,10781,0.000848,10.781,AVL
709,16,15555,12.2118,10,1,465.233,0.0299089,0.118676,16,10,3151016,0.036,10752,0.000916,10.752,AVL
710,16,15559,12.2122,10,1,466.174,0.0299617,0.118707,16,10,3155936,0.118,10686,0.00081,10.686,AVL
711,16,15570,12.213,10,1,466.854,0.0299842,0.118791,16,10,3160161,0.014,10767,0.000825,10.767,AVL
712,16,15574,12.2134,10,1,467.884,0.0300426,0.118821,16,10,3165863,0.011,10444,0.000495,10.444,AVL
713,16,15575,12.2134,10,1,468.372,0.030072,0.118829,16,10,3168006,0.016,10792,0.000469,10.792,AVL
714,16,15578,12.2136,10,1,468.698,0.0300872,0.118852,16,10,3169248,0.578,10739,0.001342,10.739,AVL
715,16,15586,12.2142,10,1,469.44,0.0301193,0.118913,16,10,3171894,0.01,10728,0.000497,10.728,AVL
716,16,15589,12.2144,10,1,471.42,0.0302406,0.118936,16,10,3178679,0.013,10798,0.001125,10.798,AVL
717,16,15593,12.2147,10,1,471.907,0.030264,0.118966,16,10,3181317,0.022,10507,0.000531,10.507,AVL
718,16,15602,12.2153,10,1,473.618,0.0303562,0.119035,16,10,3187297,0.139,10600,0.000727,10.6,AVL
719,16,15604,12.2155,10,1,474.114,0.0303841,0.11905,16,10,3188761,0.013,10618,0.000481,10.618,AVL
720,16,15607,12.2157,10,1,474.443,0.0303994,0.119073,16,10,3190502,0.078,10751,0.001089,10.751,AVL
721,16,15619,12.2168,10,1,477.193,0.0305521,0.119164,16,10,3205922,0.131,10452,0.00137,10.452,AVL
722,16,15623,12.2173,10,1,477.525,0.0305655,0.119195,16,10,3207696,0.089,10761,0.001013,10.761,AVL
723,16,15632,12.2181,10,1,479.167,0.030653,0.119264,16,10,3215885,0.114,10647,0.001222,10.647,AVL
724,16,15640,12.2192,10,1,480.496,0.0307223,0.119325,16,10,3220720,0.052,10800,0.000907,10.8,AVL
725,16,15657,12.2209,10,1,481.623,0.0307609,0.119454,16,10,3228852,0.123,10697,0.001472,10.697,AVL
726,16,15661,12.2214,10,1,482.063,0.0307811,0.119485,16,10,3232319,0.034,10756,0.000793,10.756,AVL
727,16,15661,12.2214,10,1,483.69,0.030885,0.119485,16,10,3239410,0.006,10668,0.00043,10.668,AVL
728,16,15665,12.2216,10,1,484.164,0.0309074,0.119515,16,10,3242696,0.01,10691,0.000731,10.691,AVL
729,16,15670,12.222,10,1,484.35,0.0309094,0.119554,16,10,3243897,0.074,10704,0.001112,10.704,AVL
730,16,15676,12.2226,10,1,486.53,0.0310366,0.119599,16,10,3250633,0.009,10685,0.000813,10.685,AVL
731,16,15679,12.2228,10,1,486.905,0.0310546,0.119622,16,10,3252631,0.016,10603,0.000797,10.603,AVL
732,16,15681,12.2231,10,1,487.436,0.0310845,0.119637,16,10,3255815,0.006,10577,0.000483,10.577,AVL
733,16,15688,12.2237,10,1,489.583,0.0312075,0.119691,16,10,3260884,0.009,10636,0.000752,10.636,AVL
734,16,15701,12.225,10,1,491.644,0.0313129,0.11979,16,10,3271047,0.051,10699,0.000705,10.699,AVL
735,16,15702,12.2251,10,1,492.283,0.0313516,0.119798,16,10,3273066,0.014,10722,0.000447,10.722,AVL
736,16,15703,12.2252,10,1,493.062,0.0313992,0.119805,16,10,3277061,0.006,10723,0.000479,10.723,AVL
737,16,15705,12.2254,10,1,493.416,0.0314178,0.119821,16,10,3278927,0.017,10733,0.00091,10.733,AVL
738,16,15711,12.226,10,1,494.442,0.0314711,0.119866,16,10,3285703,0.104,10806,0.000929,10.806,AVL
739,16,15711,12.226,10,1,495.391,0.0315315,0.119866,16,10,3289175,0.012,10513,0.001192,10.513,AVL
740,16,15719,12.2271,10,1,495.974,0.0315525,0.119927,16,10,3293254,0.02,10677,0.000901,10.677,AVL
741,16,15721,12.2272,10,1,496.313,0.0315701,0.119943,16,10,3295534,1.243,10693,0.001736,10.693,AVL
742,16,15726,12.2276,10,1,496.813,0.0315918,0.119981,16,10,3298726,0.011,10798,0.000797,10.798,AVL
743,16,15727,12.2277,10,1,497.255,0.0316179,0.119988,16,10,3300122,0.266,10613,0.001961,10.613,AVL
744,16,15730,12.228,10,1,499.179,0.0317342,0.120011,16,10,3308747,0.014,10757,0.001074,10.757,AVL
745,16,15732,12.2282,10,1,500.304,0.0318017,0.120027,16,10,3314937,0.019,10669,0.000908,10.669,AVL
746,16,15740,12.229,10,1,501.698,0.0318741,0.120088,16,10,3320569,0.015,10696,0.000522,10.696,AVL
747,16,15751,12.2301,10,1,502.357,0.0318937,0.120172,16,10,3323843,0.202,10614,0.000839,10.614,AVL
748,16,15751,12.2301,10,1,502.889,0.0319274,0.120172,16,10,3326290,0.01,10691,0.000653,10.691,AVL
749,16,15757,12.2308,10,1,503.735,0.031969,0.120217,16,10,3330261,0.008,10679,0.000647,10.679,AVL
750,16,15761,12.2311,10,1,504.177,0.0319889,0.120248,16,10,3332325,0.036,10543,0.001178,10.543,AVL
751,16,15764,12.2313,10,1,504.636,0.0320119,0.120271,16,10,3335008,0.085,10545,0.001575,10.545,AVL
752,16,15777,12.2325,10,1,505.321,0.032029,0.12037,16,10,3339723,0.013,10819,0.000633,10.819,AVL
753,16,15787,12.2332,10,1,508.692,0.0322222,0.120446,16,10,3354922,0.017,10551,0.000835,10.551,AVL
754,16,15792,12.2339,10,1,509.406,0.0322572,0.120484,16,10,3359240,0.016,10467,0.000464,10.467,AVL
755,16,15793,12.2339,10,1,509.71,0.0322744,0.120492,16,10,3361338,0.156,10763,0.001694,10.763,AVL
756,16,15800,12.2348,10,1,511.222,0.0323558,0.120545,16,10,3368531,0.215,10567,0.001173,10.567,AVL
757,16,15809,12.2358,10,1,511.742,0.0323703,0.120614,16,10,3371754,0.02,10770,0.000626,10.77,AVL
758,16,15814,12.2363,10,1,512.119,0.0323839,0.120652,16,10,3374494,0.01,10710,0.000808,10.71,AVL
759,16,15826,12.2374,10,1,512.714,0.0323969,0.120744,16,10,3378803,0.031,10811,0.000742,10.811,AVL
760,16,15828,12.2374,10,1,513.322,0.0324313,0.120759,16,10,3380173,0.057,10751,0.001005,10.751,AVL
761,16,15828,12.2374,10,1,513.72,0.0324564,0.120759,16,10,3381657,0.011,10722,0.000919,10.722,AVL
762,16,15830,12.2376,10,1,514.045,0.0324728,0.120774,16,10,3383644,0.016,10841,0.000465,10.841,AVL
763,16,15847,12.239,10,1,515.081,0.0325034,0.120904,16,10,3390611,0.104,10826,0.001043,10.826,AVL
764,16,15850,12.2392,10,1,515.938,0.0325513,0.120927,16,10,3394271,0.021,10438,0.000758,10.438,AVL
765,16,15854,12.2395,10,1,516.585,0.0325839,0.120957,16,10,3395993,0.088,10570,0.00074,10.57,AVL
766,16,15858,12.2401,10,1,517.127,0.0326098,0.120988,16,10,3399210,0.091,10582,0.001252,10.582,AVL
767,16,15866,12.2403,10,1,518.046,0.0326513,0.121049,16,10,3405311,0.019,10561,0.000889,10.561,AVL
768,16,15868,12.2405,10,1,519.137,0.032716,0.121064,16,10,3409090,0.005,10632,0.000571,10.632,AVL
769,16,15869,12.2406,10,1,519.798,0.0327556,0.121072,16,10,3410748,0.032,10790,0.000857,10.79,AVL
770,16,15871,12.2407,10,1,521.005,0.0328275,0.121087,16,10,3417067,0.019,10728,0.000829,10.728,AVL
771,16,15885,12.2417,10,1,524.969,0.0330481,0.121194,16,10,3433914,0.096,10651,0.000922,10.651,AVL
772,16,15888,12.242,10,1,525.834,0.0330963,0.121217,16,10,3439577,0.053,10523,0.000515,10.523,AVL
773,16,15891,12.2423,10,1,526.161,0.0331106,0.12124,16,10,3440922,0.102,10711,0.001114,10.711,AVL
774,16,15893,12.2424,10,1,526.302,0.0331153,0.121255,16,10,3441555,0.01,10616,0.000948,10.616,AVL
775,16,15898,12.243,10,1,527.038,0.0331512,0.121293,16,10,3445584,0.008,10717,0.000584,10.717,AVL
776,16,15912,12.2443,10,1,528.314,0.0332022,0.1214,16,10,3455667,0.008,10676,0.000594,10.676,AVL
777,16,15914,12.2445,10,1,530.237,0.0333189,0.121415,16,10,3462450,0.116,10663,0.001267,10.663,AVL
778,16,15920,12.2452,10,1,530.793,0.0333413,0.121461,16,10,3465999,0.081,10555,0.001279,10.555,AVL
779,16,15937,12.2468,10,1,532.94,0.0334404,0.121591,16,10,3479375,0.23,10487,0.001392,10.487,AVL
780,16,15940,12.2468,10,1,533.562,0.0334731,0.121613,16,10,3482892,0.035,10685,0.001106,10.685,AVL
781,16,15941,12.247,10,1,533.845,0.0334888,0.121621,16,10,3484435,0.03,10661,0.000862,10.661,AVL
782,16,15942,12.2471,10,1,534.588,0.0335333,0.121629,16,10,3489083,0.015,10533,0.000869,10.533,AVL
783,16,15944,12.2472,10,1,534.891,0.0335481,0.121644,16,10,3490585,0.049,10618,0.000552,10.618,AVL
784,16,15946,12.2474,10,1,535.604,0.0335886,0.121659,16,10,3492511,0.012,10754,0.000878,10.754,AVL
785,16,15951,12.2479,10,1,536.36,0.0336255,0.121697,16,10,3495179,0.012,10596,0.000868,10.596,AVL
786,16,15959,12.2487,10,1,537.021,0.03365,0.121758,16,10,3499225,0.02,10728,0.000863,10.728,AVL
787,16,15970,12.2495,10,1,539.754,0.033798,0.121842,16,10,3513120,0.021,10675,0.000614,10.675,AVL
788,16,15980,12.2502,10,1,540.842,0.0338449,0.121919,16,10,3518146,0.005,10773,0.000573,10.773,AVL
789,16,15991,12.2513,10,1,542.491,0.0339248,0.122003,16,10,3526651,0.011,10523,0.000413,10.523,AVL
790,16,15992,12.2514,10,1,542.928,0.03395,0.12201,16,10,3528197,0.042,10552,0.001088,10.552,AVL
791,16,15997,12.2519,10,1,543.408,0.0339694,0.122048,16,10,3531139,0.021,10711,0.000911,10.711,AVL
792,16,15997,12.2519,10,1,543.63,0.0339832,0.122048,16,10,3531998,0.027,10722,0.001355,10.722,AVL
793,16,15998,12.252,10,1,543.941,0.0340006,0.122056,16,10,3533538,0.011,10493,0.000819,10.493,AVL
794,16,16006,12.2527,10,1,545.535,0.0340832,0.122117,16,10,3540562,0.076,10640,0.000905,10.64,AVL
795,16,16006,12.2527,10,1,546.295,0.0341306,0.122117,16,10,3543532,0.01,10672,0.000794,10.672,AVL
796,16,16008,12.2529,10,1,546.803,0.0341581,0.122132,16,10,3545670,0.012,10984,0.000569,10.984,AVL
797,16,16010,12.2532,10,1,547.133,0.0341745,0.122148,16,10,3547657,0.038,10516,0.001112,10.516,AVL
798,16,16015,12.2537,10,1,548.357,0.0342402,0.122186,16,10,3552123,0.045,10604,0.000934,10.604,AVL
799,16,16016,12.2537,10,1,549.297,0.0342968,0.122193,16,10,3555058,0.067,10541,0.001958,10.541,AVL
800,16,16018,12.254,10,1,549.743,0.0343203,0.122209,16,10,3556687,0.007,10639,0.000428,10.639,AVL
801,16,16018,12.254,10,1,550.423,0.0343628,0.122209,16,10,3559139,0.076,10507,0.001524,10.507,AVL
802,16,16020,12.2543,10,1,550.958,0.0343919,0.122224,16,10,3561630,0.009,10508,0.000452,10.508,AVL
803,16,16025,12.2545,10,1,551.526,0.0344166,0.122262,16,10,3565398,0.013,10731,0.000828,10.731,AVL
804,16,16034,12.2555,10,1,552.924,0.0344845,0.122331,16,10,3576973,0.017,10802,0.000621,10.802,AVL
805,16,16036,12.256,10,1,553.612,0.0345231,0.122346,16,10,3581504,0.074,10625,0.000915,10.625,AVL
806,16,16041,12.2563,10,1,554.221,0.0345503,0.122384,16,10,3584952,0.025,10924,0.000984,10.924,AVL
807,16,16045,12.2566,10,1,556.183,0.0346639,0.122415,16,10,3591566,0.016,10663,0.00081,10.663,AVL
808,16,16049,12.2568,10,1,556.697,0.0346873,0.122445,16,10,3593767,0.041,10891,0.000784,10.891,AVL
809,16,16050,12.2572,10,1,557.211,0.0347172,0.122453,16,10,3595959,0.011,10668,0.000451,10.668,AVL
810,16,16083,12.2609,10,1,563.113,0.0350129,0.122704,16,10,3631884,0.064,10634,0.001999,10.634,AVL
811,16,16086,12.2612,10,1,564.204,0.0350742,0.122727,16,10,3636633,0.01,10639,0.000871,10.639,AVL
812,16,16088,12.2614,10,1,564.423,0.0350835,0.122743,16,10,3637768,0.012,10745,0.00086,10.745,AVL
813,16,16091,12.2619,10,1,564.964,0.0351106,0.122766,16,10,3640851,0.012,10886,0.000851,10.886,AVL
814,16,16093,12.2621,10,1,565.208,0.0351214,0.122781,16,10,3642226,0.01,10403,0.000781,10.403,AVL
815,16,16106,12.2631,10,1,567.661,0.0352453,0.12288,16,10,3654638,0.053,10693,0.00075,10.693,AVL
816,16,16107,12.2632,10,1,568.096,0.0352701,0.122888,16,10,3656791,0.013,10690,0.000911,10.69,AVL
817,16,16114,12.2639,10,1,568.508,0.0352804,0.122941,16,10,3659563,0.054,10789,0.000598,10.789,AVL
818,16,16117,12.2643,10,1,568.72,0.035287,0.122964,16,10,3660534,0.029,10603,0.001071,10.603,AVL
819,16,16126,12.2651,10,1,569.293,0.0353028,0.123033,16,10,3663790,0.11,10731,0.001087,10.731,AVL
820,16,16133,12.2655,10,1,570.09,0.0353369,0.123086,16,10,3668693,0.025,10785,0.000742,10.785,AVL
821,16,16137,12.266,10,1,570.521,0.0353548,0.123116,16,10,3671425,0.038,10601,0.00122,10.601,AVL
822,16,16142,12.2668,10,1,571.068,0.0353778,0.123155,16,10,3674591,0.007,10635,0.000689,10.635,AVL
823,16,16145,12.267,10,1,572.147,0.035438,0.123178,16,10,3678156,0.016,10750,0.000985,10.75,AVL
824,16,16152,12.2678,10,1,573.648,0.0355156,0.123231,16,10,3684059,0.007,10514,0.000429,10.514,AVL
825,16,16157,12.2682,10,1,574.058,0.03553,0.123269,16,10,3686440,0.012,10716,0.000897,10.716,AVL
826,16,16164,12.2688,10,1,575.297,0.0355913,0.123322,16,10,3690163,0.022,10868,0.00108,10.868,AVL
827,16,16183,12.2707,10,1,576.938,0.0356509,0.123467,16,10,3702112,0.015,10773,0.000544,10.773,AVL
828,16,16184,12.2708,10,1,577.589,0.0356889,0.123475,16,10,3706181,0.008,10771,0.000874,10.771,AVL
829,16,16185,12.271,10,1,578.592,0.0357487,0.123483,16,10,3710034,0.1,10661,0.001406,10.661,AVL
830,16,16201,12.2725,10,1,579.713,0.0357825,0.123605,16,10,3717091,0.03,10540,0.000561,10.54,AVL
831,16,16205,12.2728,10,1,580.569,0.0358265,0.123635,16,10,3721198,0.03,10646,0.000615,10.646,AVL
832,16,16208,12.273,10,1,581.302,0.0358651,0.123658,16,10,3723355,0.016,10784,0.000953,10.784,AVL
833,16,16210,12.2733,10,1,582.019,0.0359049,0.123673,16,10,3726026,0.111,10791,0.000987,10.791,AVL
834,16,16216,12.2737,10,1,582.924,0.0359475,0.123719,16,10,3729886,0.024,10740,0.000836,10.74,AVL
835,16,16225,12.2746,10,1,584.177,0.0360047,0.123788,16,10,3733834,0.017,10845,0.00082,10.845,AVL
836,16,16227,12.2749,10,1,584.734,0.0360346,0.123803,16,10,3735676,0.12,10755,0.001105,10.755,AVL
837,16,16233,12.2755,10,1,585.188,0.0360493,0.123849,16,10,3737453,0.015,10776,0.000837,10.776,AVL
838,16,16235,12.2757,10,1,585.628,0.0360719,0.123864,16,10,3739310,0.012,10877,0.000902,10.877,AVL
839,16,16240,12.2762,10,1,586.83,0.0361349,0.123902,16,10,3741817,0.016,10765,0.000481,10.765,AVL
840,16,16241,12.2764,10,1,587.415,0.0361686,0.12391,16,10,3744256,0.02,10765,0.000894,10.765,AVL
841,16,16246,12.2769,10,1,588.15,0.0362028,0.123948,16,10,3747248,0.031,10649,0.000775,10.649,AVL
842,16,16250,12.2774,10,1,589.179,0.0362572,0.123979,16,10,3750696,0.018,10627,0.000847,10.627,AVL
843,16,16253,12.2777,10,1,589.781,0.0362875,0.124001,16,10,3752813,0.016,10628,0.00045,10.628,AVL
844,16,16253,12.2777,10,1,590.179,0.036312,0.124001,16,10,3754437,0.021,10657,0.000484,10.657,AVL
845,16,16255,12.2779,10,1,590.714,0.0363404,0.124017,16,10,3757055,0.012,10961,0.000817,10.961,AVL
846,16,16264,12.2791,10,1,592.134,0.0364076,0.124085,16,10,3761158,0.007,10698,0.000463,10.698,AVL
847,16,16268,12.2794,10,1,592.359,0.0364125,0.124116,16,10,3762093,0.022,10749,0.000957,10.749,AVL
848,16,16269,12.2796,10,1,592.809,0.0364379,0.124124,16,10,3764333,0.023,10775,0.000547,10.775,AVL
849,16,16272,12.2799,10,1,593.486,0.0364728,0.124146,16,10,3766930,0.613,10742,0.001409,10.742,AVL
850,16,16274,12.2801,10,1,594.446,0.0365273,0.124162,16,10,3770349,0.061,10733,0.000875,10.733,AVL
851,16,16289,12.2816,10,1,596.459,0.0366173,0.124276,16,10,3779033,0.014,10797,0.000873,10.797,AVL
852,16,16293,12.2821,10,1,598.655,0.0367431,0.124307,16,10,3784685,0.035,10856,0.000559,10.856,AVL
853,16,16294,12.2823,10,1,599.269,0.0367785,0.124314,16,10,3787301,0.02,10575,0.000932,10.575,AVL
854,16,16300,12.2829,10,1,600.454,0.0368377,0.12436,16,10,3792490,0.013,10836,0.000894,10.836,AVL
855,16,16301,12.2829,10,1,601.197,0.036881,0.124368,16,10,3794715,0.013,10754,0.000536,10.754,AVL
856,16,16301,12.2829,10,1,601.516,0.0369006,0.124368,16,10,3796005,0.047,10730,0.000666,10.73,AVL
857,16,16308,12.2837,10,1,602.32,0.036934,0.124421,16,10,3799353,0.019,10582,0.000909,10.582,AVL
858,16,16310,12.2839,10,1,602.921,0.0369663,0.124436,16,10,3801145,0.129,10564,0.00169,10.564,AVL
859,16,16312,12.284,10,1,603.527,0.036999,0.124452,16,10,3803217,0.04,10863,0.000863,10.863,AVL
860,16,16315,12.2845,10,1,603.993,0.0370207,0.124475,16,10,3804999,0.034,10713,0.000777,10.713,AVL
861,16,16315,12.2845,10,1,604.873,0.0370747,0.124475,16,10,3808425,0.125,10540,0.000898,10.54,AVL
862,16,16319,12.2849,10,1,605.774,0.0371208,0.124505,16,10,3811616,0.093,10541,0.001029,10.541,AVL
863,16,16357,12.2889,10,1,608.391,0.0371945,0.124795,16,10,3823612,0.111,10731,0.000702,10.731,AVL
864,16,16357,12.2889,10,1,608.712,0.0372142,0.124795,16,10,3824858,0.016,10662,0.000863,10.662,AVL
865,16,16363,12.2896,10,1,609.977,0.0372778,0.124841,16,10,3831932,0.018,10823,0.001093,10.823,AVL
866,16,16368,12.2902,10,1,611.439,0.0373558,0.124879,16,10,3837662,0.069,10769,0.000945,10.769,AVL
867,16,16372,12.2906,10,1,611.996,0.0373806,0.124909,16,10,3840450,0.065,10916,0.001118,10.916,AVL
868,16,16375,12.291,10,1,612.128,0.0373819,0.124932,16,10,3841040,0.02,10966,0.000945,10.966,AVL
869,16,16379,12.2914,10,1,612.679,0.0374064,0.124963,16,10,3843730,0.146,10712,0.001632,10.712,AVL
870,16,16382,12.2915,10,1,613.433,0.0374455,0.124986,16,10,3848083,0.013,10638,0.000854,10.638,AVL
871,16,16404,12.2935,10,1,617.531,0.0376451,0.125154,16,10,3873541,0.012,10715,0.000622,10.715,AVL
872,16,16418,12.2948,10,1,619.452,0.0377301,0.12526,16,10,3882601,0.024,10698,0.000677,10.698,AVL
873,16,16422,12.2952,10,1,620.3,0.0377725,0.125291,16,10,3887691,0.126,10626,0.001164,10.626,AVL
874,16,16443,12.2968,10,1,621.407,0.0377916,0.125451,16,10,3894472,0.063,10717,0.001461,10.717,AVL
875,16,16446,12.2971,10,1,622.145,0.0378296,0.125474,16,10,3896894,0.03,10700,0.000971,10.7,AVL
876,16,16447,12.2973,10,1,623.01,0.0378799,0.125482,16,10,3900579,0.05,10679,0.001104,10.679,AVL
877,16,16447,12.2973,10,1,623.672,0.0379201,0.125482,16,10,3903494,0.07,10673,0.001674,10.673,AVL
878,16,16449,12.2975,10,1,624.484,0.0379649,0.125497,16,10,3908074,0.009,10817,0.000522,10.817,AVL
879,16,16452,12.2977,10,1,624.685,0.0379702,0.12552,16,10,3909036,0.039,10802,0.000741,10.802,AVL
880,16,16459,12.2983,10,1,625.401,0.0379975,0.125573,16,10,3912403,0.069,10692,0.001083,10.692,AVL
881,16,16477,12.2999,10,1,626.263,0.0380083,0.12571,16,10,3915025,0.061,10868,0.000834,10.868,AVL
882,16,16477,12.2999,10,1,626.711,0.0380355,0.12571,16,10,3916492,0.01,10641,0.000836,10.641,AVL
883,16,16481,12.3002,10,1,627.384,0.0380671,0.125741,16,10,3918988,0.013,10785,0.000846,10.785,AVL
884,16,16485,12.3004,10,1,628.689,0.038137,0.125772,16,10,3923837,0.013,10779,0.000914,10.779,AVL
885,16,16488,12.3006,10,1,629.648,0.0381883,0.125794,16,10,3928104,0.017,10674,0.000887,10.674,AVL
886,16,16494,12.3013,10,1,630.919,0.0382514,0.12584,16,10,3932224,0.027,10823,0.000941,10.823,AVL
887,16,16495,12.3013,10,1,631.568,0.0382885,0.125848,16,10,3934864,0.037,10685,0.000772,10.685,AVL
888,16,16500,12.3018,10,1,632.98,0.0383624,0.125886,16,10,3942013,0.02,10777,0.001082,10.777,AVL
889,16,16503,12.302,10,1,634.843,0.0384683,0.125909,16,10,3947878,0.013,10746,0.001026,10.746,AVL
890,16,16504,12.302,10,1,636.799,0.0385845,0.125916,16,10,3955031,0.007,10769,0.000451,10.769,AVL
891,16,16505,12.3022,10,1,637.679,0.0386355,0.125924,16,10,3957754,0.037,10564,0.001205,10.564,AVL
892,16,16518,12.3032,10,1,638.344,0.0386454,0.126023,16,10,3960837,0.007,10694,0.000442,10.694,AVL
893,16,16536,12.3047,10,1,640.594,0.0387394,0.126161,16,10,3971549,0.015,10870,0.000517,10.87,AVL
894,16,16538,12.3049,10,1,641.503,0.0387896,0.126176,16,10,3976835,0.007,10985,0.000493,10.985,AVL
895,16,16543,12.3053,10,1,641.932,0.0388038,0.126214,16,10,3979066,0.017,10817,0.001207,10.817,AVL
896,16,16549,12.306,10,1,642.993,0.0388539,0.12626,16,10,3982804,0.007,10718,0.000694,10.718,AVL
897,16,16549,12.306,10,1,643.593,0.0388901,0.12626,16,10,3985149,0.016,10773,0.00091,10.773,AVL
898,16,16561,12.3072,10,1,645.261,0.0389627,0.126351,16,10,3992764,0.165,10804,0.0014,10.804,AVL
899,16,16563,12.3074,10,1,645.954,0.0389998,0.126367,16,10,3995120,0.037,10831,0.000539,10.831,AVL
900,16,16566,12.3077,10,1,647.211,0.0390686,0.12639,16,10,4000576,0.009,10930,0.000472,10.93,AVL
901,16,16570,12.308,10,1,649.004,0.0391674,0.12642,16,10,4006487,0.013,10591,0.000899,10.591,AVL
902,16,16570,12.308,10,1,649.252,0.0391824,0.12642,16,10,4007076,0.016,10638,0.000877,10.638,AVL
903,16,16578,12.3087,10,1,649.95,0.0392056,0.126481,16,10,4010606,0.066,10798,0.001254,10.798,AVL
904,16,16583,12.3094,10,1,651.426,0.0392828,0.126519,16,10,4015313,0.029,10618,0.001088,10.618,AVL
905,16,16588,12.3097,10,1,652.48,0.0393345,0.126557,16,10,4021033,0.027,10707,0.00105,10.707,AVL
906,16,16591,12.3101,10,1,653.813,0.0394077,0.12658,16,10,4024921,0.19,10891,0.001619,10.891,AVL
907,16,16592,12.3102,10,1,654.12,0.0394238,0.126588,16,10,4026115,0.012,10963,0.000898,10.963,AVL
908,16,16597,12.3107,10,1,654.843,0.0394555,0.126626,16,10,4029627,0.136,10747,0.000955,10.747,AVL
909,16,16605,12.3115,10,1,656.354,0.0395275,0.126687,16,10,4034442,0.012,10746,0.000881,10.746,AVL
910,16,16609,12.3118,10,1,657.409,0.0395815,0.126718,16,10,4040375,0.088,10681,0.001758,10.681,AVL
911,16,16616,12.3125,10,1,657.983,0.0395994,0.126771,16,10,4043762,0.031,10847,0.001274,10.847,AVL
912,16,16620,12.3128,10,1,659.009,0.0396516,0.126802,16,10,4048363,0.006,10814,0.000633,10.814,AVL
913,16,16630,12.3137,10,1,660.561,0.039721,0.126878,16,10,4054546,0.043,10724,0.001061,10.724,AVL
914,16,16630,12.3137,10,1,660.822,0.0397367,0.126878,16,10,4055855,0.025,10775,0.000825,10.775,AVL
915,16,16632,12.3137,10,1,661.095,0.0397484,0.126893,16,10,4057007,0.138,10761,0.000969,10.761,AVL
916,16,16644,12.3146,10,1,663.148,0.0398431,0.126985,16,10,4064300,0.012,10790,0.00089,10.79,AVL
917,16,16646,12.3149,10,1,663.947,0.0398863,0.127,16,10,4067286,0.007,10745,0.000444,10.745,AVL
918,16,16651,12.3152,10,1,666.155,0.0400069,0.127038,16,10,4077877,0.007,10621,0.00047,10.621,AVL
919,16,16656,12.3157,10,1,666.64,0.040024,0.127076,16,10,4080399,0.019,10736,0.000589,10.736,AVL
920,16,16664,12.3165,10,1,667.811,0.0400751,0.127137,16,10,4088040,0.07,10480,0.000547,10.48,AVL
921,16,16670,12.3169,10,1,668.237,0.0400862,0.127183,16,10,4090236,0.039,10722,0.001156,10.722,AVL
922,16,16675,12.3171,10,1,669.823,0.0401693,0.127221,16,10,4096132,0.007,10765,0.000476,10.765,AVL
923,16,16678,12.3174,10,1,670.939,0.040229,0.127244,16,10,4100748,0.232,10858,0.000838,10.858,AVL
924,16,16694,12.3184,10,1,674.08,0.0403786,0.127366,16,10,4113743,0.015,10671,0.00086,10.671,AVL
925,16,16694,12.3184,10,1,674.557,0.0404072,0.127366,16,10,4115654,0.012,10687,0.000886,10.687,AVL
926,16,16695,12.3185,10,1,675.225,0.0404447,0.127374,16,10,4119001,0.084,10767,0.0008,10.767,AVL
927,16,16719,12.3199,10,1,677.931,0.0405485,0.127557,16,10,4135341,0.031,10669,0.000661,10.669,AVL
928,16,16724,12.3204,10,1,680.131,0.040668,0.127595,16,10,4142470,0.014,10758,0.000925,10.758,AVL
929,16,16725,12.3205,10,1,680.575,0.0406921,0.127603,16,10,4144989,0.007,10850,0.000468,10.85,AVL
930,16,16729,12.3207,10,1,681.208,0.0407202,0.127633,16,10,4148109,0.019,10679,0.00188,10.679,AVL
931,16,16733,12.3212,10,1,682.415,0.0407826,0.127664,16,10,4151592,0.007,10847,0.000475,10.847,AVL
932,16,16743,12.322,10,1,684.127,0.0408605,0.12774,16,10,4160678,0.058,10822,0.001209,10.822,AVL
933,16,16743,12.322,10,1,684.603,0.0408889,0.12774,16,10,4164123,0.032,10832,0.001118,10.832,AVL
934,16,16750,12.322,10,1,685.533,0.0409273,0.127793,16,10,4167336,0.046,10805,0.000964,10.805,AVL
935,16,16762,12.323,10,1,687.44,0.0410118,0.127885,16,10,4179272,0.006,10663,0.000471,10.663,AVL
936,16,16763,12.323,10,1,687.787,0.0410301,0.127893,16,10,4180974,0.04,10692,0.000626,10.692,AVL
937,16,16766,12.3233,10,1,688.643,0.0410738,0.127915,16,10,4183567,0.032,10744,0.000868,10.744,AVL
938,16,16771,12.3238,10,1,689.731,0.0411264,0.127954,16,10,4189670,0.087,10651,0.000586,10.651,AVL
939,16,16775,12.3242,10,1,691.272,0.0412085,0.127984,16,10,4197161,0.043,10794,0.001151,10.794,AVL
940,16,16776,12.3242,10,1,691.768,0.0412356,0.127992,16,10,4199171,0.141,10849,0.001408,10.849,AVL
941,16,16781,12.3245,10,1,692.54,0.0412693,0.12803,16,10,4202750,0.006,10707,0.000506,10.707,AVL
942,16,16784,12.3249,10,1,693.909,0.0413435,0.128053,16,10,4206665,0.195,10749,0.001418,10.749,AVL
943,16,16786,12.325,10,1,694.555,0.041377,0.128068,16,10,4209944,0.018,10705,0.000869,10.705,AVL
944,16,16792,12.3256,10,1,694.883,0.0413818,0.128114,16,10,4211616,0.093,10679,0.002154,10.679,AVL
945,16,16800,12.3265,10,1,695.434,0.0413949,0.128175,16,10,4214058,0.013,10599,0.000858,10.599,AVL
946,16,16800,12.3265,10,1,695.841,0.0414191,0.128175,16,10,4215802,0.012,10716,0.000865,10.716,AVL
947,16,16803,12.3268,10,1,696.624,0.0414583,0.128198,16,10,4220949,0.041,10754,0.000889,10.754,AVL
948,16,16804,12.3269,10,1,697.226,0.0414917,0.128205,16,10,4224164,0.043,10655,0.001051,10.655,AVL
949,16,16805,12.3269,10,1,697.532,0.0415074,0.128213,16,10,4225583,0.027,10711,0.000801,10.711,AVL
950,16,16810,12.3273,10,1,699.522,0.0416134,0.128251,16,10,4232687,0.046,10683,0.00066,10.683,AVL
951,16,16812,12.3276,10,1,699.821,0.0416263,0.128266,16,10,4233941,0.045,10681,0.000549,10.681,AVL
952,16,16814,12.3278,10,1,700.4,0.0416558,0.128282,16,10,4237524,0.025,10810,0.00072,10.81,AVL
953,16,16817,12.3281,10,1,701.065,0.0416879,0.128305,16,10,4239123,0.017,10762,0.00074,10.762,AVL
954,16,16823,12.3288,10,1,701.848,0.0417196,0.12835,16,10,4243358,0.154,10654,0.001247,10.654,AVL
955,16,16830,12.3296,10,1,702.49,0.0417403,0.128404,16,10,4247010,0.008,10769,0.000483,10.769,AVL
956,16,16834,12.3299,10,1,703.225,0.0417741,0.128434,16,10,4250854,0.018,10825,0.00053,10.825,AVL
957,16,16835,12.33,10,1,703.622,0.0417952,0.128442,16,10,4253051,0.005,10737,0.000488,10.737,AVL
958,16,16842,12.3307,10,1,705.82,0.0419083,0.128495,16,10,4263697,0.01,10847,0.000624,10.847,AVL
959,16,16842,12.3307,10,1,706.731,0.0419624,0.128495,16,10,4266144,0.209,10658,0.001381,10.658,AVL
960,16,16842,12.3307,10,1,707.283,0.0419952,0.128495,16,10,4268463,0.02,10835,0.000659,10.835,AVL
961,16,16843,12.3308,10,1,708.038,0.0420375,0.128503,16,10,4271877,0.087,10840,0.000879,10.84,AVL
962,16,16848,12.3312,10,1,708.968,0.0420802,0.128541,16,10,4276243,0.131,10659,0.001208,10.659,AVL
963,16,16849,12.3313,10,1,711.17,0.0422084,0.128549,16,10,4283043,0.028,10791,0.001081,10.791,AVL
964,16,16854,12.3318,10,1,712.611,0.0422814,0.128587,16,10,4289730,0.014,10858,0.00054,10.858,AVL
965,16,16854,12.3318,10,1,712.806,0.042293,0.128587,16,10,4290497,0.014,10669,0.000924,10.669,AVL
966,16,16855,12.3319,10,1,713.628,0.0423392,0.128594,16,10,4292196,0.006,10787,0.000468,10.787,AVL
967,16,16856,12.332,10,1,715.458,0.0424453,0.128602,16,10,4301516,0.012,10780,0.000935,10.78,AVL
968,16,16871,12.3332,10,1,718.159,0.0425677,0.128716,16,10,4312283,0.012,10600,0.000473,10.6,AVL
969,16,16871,12.3332,10,1,719.045,0.0426202,0.128716,16,10,4316634,0.045,10675,0.00075,10.675,AVL
970,16,16873,12.3333,10,1,720.407,0.0426958,0.128732,16,10,4320586,0.018,10647,0.000729,10.647,AVL
971,16,16873,12.3333,10,1,721.245,0.0427455,0.128732,16,10,4324778,0.037,10932,0.000866,10.932,AVL
972,16,16876,12.3336,10,1,721.656,0.0427623,0.128755,16,10,4327027,0.144,10861,0.001272,10.861,AVL
973,16,16877,12.3336,10,1,722.661,0.0428193,0.128762,16,10,4329814,0.24,10666,0.001873,10.666,AVL
974,16,16880,12.3339,10,1,723.814,0.04288,0.128785,16,10,4333783,0.057,10549,0.000805,10.549,AVL
975,16,16888,12.3346,10,1,724.644,0.0429088,0.128846,16,10,4337953,0.04,10863,0.001193,10.863,AVL
976,16,16892,12.3351,10,1,725.287,0.0429367,0.128877,16,10,4341110,0.011,10741,0.000862,10.741,AVL
977,16,16894,12.3352,10,1,726.445,0.0430002,0.128892,16,10,4346078,0.128,10752,0.000856,10.752,AVL
978,16,16896,12.3355,10,1,726.906,0.0430224,0.128907,16,10,4348187,0.194,10661,0.001335,10.661,AVL
979,16,16898,12.3357,10,1,727.644,0.043061,0.128922,16,10,4351409,0.045,10734,0.00124,10.734,AVL
980,16,16900,12.3358,10,1,729.235,0.04315,0.128938,16,10,4356801,0.019,10782,0.001271,10.782,AVL
981,16,16902,12.3359,10,1,729.982,0.0431891,0.128953,16,10,4360643,0.039,10690,0.000503,10.69,AVL
982,16,16913,12.3372,10,1,733.203,0.0433514,0.129037,16,10,4373541,0.148,10593,0.000696,10.593,AVL
983,16,16915,12.3373,10,1,734.501,0.0434231,0.129052,16,10,4378130,0.012,10682,0.000897,10.682,AVL
984,16,16915,12.3373,10,1,735.17,0.0434626,0.129052,16,10,4380506,0.014,10704,0.000471,10.704,AVL
985,16,16923,12.3381,10,1,737.15,0.0435591,0.129113,16,10,4390788,0.158,10830,0.001634,10.83,AVL
986,16,16931,12.3394,10,1,738.984,0.0436468,0.129174,16,10,4398864,0.053,10584,0.00102,10.584,AVL
987,16,16932,12.3394,10,1,739.525,0.0436762,0.129182,16,10,4401072,0.008,10671,0.00051,10.671,AVL
988,16,16932,12.3394,10,1,739.922,0.0436996,0.129182,16,10,4402578,0.096,10642,0.000737,10.642,AVL
989,16,16935,12.3397,10,1,740.596,0.0437317,0.129205,16,10,4405609,0.073,10743,0.000975,10.743,AVL
990,16,16937,12.3398,10,1,741.345,0.0437707,0.12922,16,10,4407918,0.008,10735,0.001064,10.735,AVL
991,16,16943,12.3404,10,1,742.752,0.0438383,0.129266,16,10,4414048,0.013,10720,0.000783,10.72,AVL
992,16,16946,12.3405,10,1,743.856,0.0438957,0.129289,16,10,4419569,0.006,10848,0.000458,10.848,AVL
993,16,16948,12.3406,10,1,744.905,0.0439524,0.129304,16,10,4423417,0.012,10670,0.000777,10.67,AVL
994,16,16957,12.3416,10,1,746.813,0.0440416,0.129373,16,10,4433791,0.011,10849,0.000668,10.849,AVL
995,16,16963,12.342,10,1,748.912,0.0441497,0.129418,16,10,4442799,0.092,10691,0.001355,10.691,AVL
996,16,16972,12.3425,10,1,749.464,0.0441588,0.129487,16,10,4445924,0.014,10672,0.000921,10.672,AVL
997,16,16977,12.3431,10,1,750.033,0.0441794,0.129525,16,10,4449263,0.067,10892,0.001041,10.892,AVL
998,16,16980,12.3433,10,1,753.727,0.0443891,0.129548,16,10,4459569,0.113,10538,0.001031,10.538,AVL
999,16,16984,12.3434,10,1,754.778,0.0444405,0.129579,16,10,4463294,0.029,10577,0.000863,10.577,AVL
1000,16,16985,12.3435,10,1,755.558,0.0444838,0.129586,16,10,4464642,0.12,10901,0.00094,10.901,AVL
