Num_Docs,Altura,Total_Nos,Profundidade_Media,Profundidade_Minima,Max_Desbalanceamento,Tempo_Total_Indexacao,Tempo_Medio_Insercao,Densidade_Arvore,Maior_Galho,Menor_Galho,Total_Comparacoes_Indexacao,Tipo_Arvore
1,7,129,5.28682,5,1,0.029,0.000224806,0.505882,7,5,991,AVL
2,8,205,5.89756,5,1,0.04,0.000195122,0.401174,8,5,1912,AVL
3,10,574,7.43554,6,1,0.142,0.000247387,0.28041,10,6,9808,AVL
4,10,604,7.51656,6,1,0.151,0.00025,0.295066,10,6,10513,AVL
5,11,704,7.73722,6,1,0.187,0.000265625,0.171917,11,6,13142,AVL
6,11,806,7.9268,6,1,0.246,0.000305211,0.196825,11,6,15100,AVL
7,11,883,8.06342,6,1,0.284,0.000321631,0.215629,11,6,16780,AVL
8,11,1113,8.36837,7,1,0.381,0.000342318,0.271795,11,7,22907,AVL
9,11,1160,8.43017,7,1,0.429,0.000369828,0.283272,11,7,23847,AVL
10,11,1279,8.57936,7,1,0.477,0.000372948,0.312332,11,7,27097,AVL
11,12,1407,8.72139,8,1,0.618,0.000439232,0.171774,12,8,31109,AVL
12,12,1463,8.77649,8,1,0.704,0.000481203,0.178611,12,8,32857,AVL
13,12,1526,8.82962,8,1,0.807,0.000528834,0.186302,12,8,34534,AVL
14,12,1671,8.96589,8,1,1.008,0.000603232,0.204004,12,8,39211,AVL
15,12,1824,9.08333,8,1,1.243,0.000681469,0.222683,12,8,45431,AVL
16,12,1924,9.1762,8,1,1.417,0.000736486,0.234892,12,8,48742,AVL
17,12,1994,9.2332,8,1,1.604,0.000804413,0.243438,12,8,51388,AVL
18,12,2057,9.28439,8,1,1.705,0.000828877,0.251129,12,8,53427,AVL
19,12,2119,9.33082,8,1,1.825,0.000861255,0.258699,12,8,55688,AVL
20,13,2314,9.45376,8,1,2.327,0.00100562,0.141244,13,8,65621,AVL
21,13,2435,9.53265,8,1,2.549,0.00104682,0.14863,13,8,70379,AVL
22,13,2470,9.55304,8,1,2.632,0.00106559,0.150766,13,8,72310,AVL
23,13,2591,9.61173,8,1,3.086,0.00119105,0.158152,13,8,78304,AVL
24,13,2632,9.62994,8,1,3.207,0.00121847,0.160654,13,8,80023,AVL
25,13,2682,9.66145,8,1,3.346,0.00124758,0.163706,13,8,82706,AVL
26,13,2771,9.70805,8,1,3.636,0.00131216,0.169139,13,8,87437,AVL
27,13,2828,9.73444,8,1,3.767,0.00133204,0.172618,13,8,90458,AVL
28,13,3002,9.81779,8,1,4.226,0.00140773,0.183239,13,8,98329,AVL
29,13,3055,9.84124,8,1,4.31,0.0014108,0.186474,13,8,100905,AVL
30,13,3160,9.88449,8,1,4.412,0.0013962,0.192883,13,8,106329,AVL
31,13,3191,9.89784,8,1,4.565,0.00143059,0.194775,13,8,107744,AVL
32,13,3249,9.92305,8,1,4.651,0.00143152,0.198315,13,8,111766,AVL
33,13,3340,9.96138,9,1,4.995,0.00149551,0.20387,13,9,117344,AVL
34,13,3388,9.97668,9,1,5.306,0.00156612,0.2068,13,9,119878,AVL
35,13,3448,10.0015,9,1,5.522,0.00160151,0.210462,13,9,122975,AVL
36,13,3526,10.0357,9,1,5.737,0.00162706,0.215223,13,9,127630,AVL
37,13,3545,10.0463,9,1,5.768,0.00162708,0.216383,13,9,128209,AVL
38,13,3566,10.0558,9,1,5.893,0.00165255,0.217665,13,9,130309,AVL
39,13,3581,10.062,9,1,5.993,0.00167355,0.21858,13,9,131279,AVL
40,13,3626,10.0822,9,1,6.098,0.00168174,0.221327,13,9,133973,AVL
41,13,3793,10.1526,9,1,6.585,0.00173609,0.23152,13,9,144667,AVL
42,13,3861,10.1782,9,1,6.679,0.00172986,0.235671,13,9,147812,AVL
43,14,3952,10.2123,9,1,6.797,0.00171989,0.120609,14,9,153821,AVL
44,14,3975,10.2209,9,1,6.908,0.00173786,0.121311,14,9,155688,AVL
45,14,4047,10.2473,9,1,7.005,0.00173091,0.123508,14,9,160665,AVL
46,14,4079,10.2594,9,1,7.09,0.00173817,0.124485,14,9,163104,AVL
47,14,4123,10.2765,9,1,7.309,0.00177274,0.125828,14,9,166696,AVL
48,14,4137,10.2816,9,1,7.412,0.00179164,0.126255,14,9,168487,AVL
49,14,4317,10.3407,9,1,7.692,0.00178179,0.131748,14,9,179280,AVL
50,14,4378,10.3627,9,1,7.796,0.00178072,0.13361,14,9,184676,AVL
51,14,4451,10.3853,9,1,7.953,0.00178679,0.135838,14,9,189804,AVL
52,14,4543,10.414,9,1,8.251,0.0018162,0.138646,14,9,195762,AVL
53,14,4614,10.4382,9,1,8.39,0.00181838,0.140812,14,9,201459,AVL
54,14,4653,10.4496,9,1,8.535,0.0018343,0.142003,14,9,204717,AVL
55,14,4664,10.4526,9,1,8.568,0.00183705,0.142338,14,9,205896,AVL
56,14,4673,10.4545,9,1,8.601,0.00184057,0.142613,14,9,207002,AVL
57,14,4734,10.4753,9,1,8.745,0.00184728,0.144475,14,9,211436,AVL
58,14,4770,10.4857,9,1,8.845,0.0018543,0.145573,14,9,213723,AVL
59,14,4802,10.4979,9,1,9.019,0.00187818,0.14655,14,9,216322,AVL
60,14,4831,10.5076,9,1,9.064,0.00187622,0.147435,14,9,218205,AVL
61,14,4858,10.5161,9,1,9.089,0.00187093,0.148259,14,9,219649,AVL
62,14,4886,10.5239,9,1,9.104,0.00186328,0.149113,14,9,221469,AVL
63,14,4926,10.5355,9,1,9.123,0.00185201,0.150334,14,9,224812,AVL
64,14,4971,10.549,9,1,9.201,0.00185094,0.151708,14,9,227747,AVL
65,14,5032,10.5662,9,1,9.255,0.00183923,0.153569,14,9,233376,AVL
66,14,5056,10.5716,9,1,9.358,0.00185087,0.154302,14,9,237754,AVL
67,14,5107,10.5841,9,1,9.697,0.00189877,0.155858,14,9,243033,AVL
68,14,5136,10.5929,9,1,9.821,0.00191219,0.156743,14,9,245406,AVL
69,14,5158,10.6002,9,1,10.102,0.00195851,0.157414,14,9,248041,AVL
70,14,5197,10.6113,9,1,10.383,0.00199788,0.158605,14,9,250648,AVL
71,14,5246,10.6247,9,1,11.023,0.00210122,0.1601,14,9,254877,AVL
72,14,5272,10.6328,9,1,11.3,0.0021434,0.160894,14,9,257440,AVL
73,14,5317,10.6415,9,1,11.692,0.00219898,0.162267,14,9,261806,AVL
74,14,5393,10.6614,9,1,12.517,0.00232097,0.164586,14,9,270119,AVL
75,14,5411,10.6673,9,1,12.729,0.00235243,0.165136,14,9,272152,AVL
76,14,5483,10.6858,9,1,13.465,0.00245577,0.167333,14,9,281229,AVL
77,14,5544,10.7022,9,1,13.826,0.00249387,0.169195,14,9,285048,AVL
78,14,5580,10.7145,9,1,14.163,0.00253817,0.170293,14,9,288998,AVL
79,14,5638,10.7292,9,1,14.675,0.00260287,0.172063,14,9,295354,AVL
80,14,5715,10.7508,9,1,15.272,0.00267227,0.174413,14,9,301472,AVL
81,14,5765,10.7636,9,1,15.726,0.00272784,0.175939,14,9,305319,AVL
82,14,5834,10.7818,9,1,16.525,0.00283253,0.178045,14,9,313051,AVL
83,14,5919,10.8037,9,1,17.764,0.00300118,0.180639,14,9,327617,AVL
84,14,5975,10.8161,9,1,18.262,0.0030564,0.182348,14,9,333687,AVL
85,14,5988,10.8193,9,1,18.321,0.00305962,0.182745,14,9,334972,AVL
86,14,6006,10.8235,9,1,18.367,0.00305811,0.183294,14,9,336008,AVL
87,14,6020,10.8276,9,1,18.457,0.00306595,0.183721,14,9,337115,AVL
88,14,6036,10.8322,9,1,18.536,0.00307091,0.18421,14,9,338883,AVL
89,14,6095,10.8484,9,1,18.906,0.00310189,0.18601,14,9,347362,AVL
90,14,6117,10.8537,9,1,18.965,0.00310038,0.186682,14,9,348822,AVL
91,14,6185,10.8686,9,1,19.28,0.00311722,0.188757,14,9,356845,AVL
92,14,6243,10.8816,9,1,19.565,0.00313391,0.190527,14,9,363668,AVL
93,14,6312,10.8983,9,1,19.969,0.00316366,0.192633,14,9,375049,AVL
94,14,6374,10.9128,9,1,20.177,0.00316552,0.194525,14,9,382433,AVL
95,14,6435,10.927,9,1,20.34,0.00316084,0.196387,14,9,389600,AVL
96,14,6491,10.9404,9,1,20.395,0.00314204,0.198096,14,9,395852,AVL
97,14,6516,10.9458,9,1,20.427,0.0031349,0.198859,14,9,399363,AVL
98,14,6556,10.9555,9,1,20.523,0.00313041,0.200079,14,9,402693,AVL
99,14,6603,10.9653,9,1,20.673,0.00313085,0.201514,14,9,409572,AVL
100,14,6634,10.9717,9,1,20.776,0.00313175,0.20246,14,9,412289,AVL
101,14,6664,10.9794,9,1,20.909,0.00313761,0.203375,14,9,416570,AVL
102,14,6695,10.9878,9,1,21.003,0.00313712,0.204321,14,9,419628,AVL
103,14,6715,10.9923,9,1,21.085,0.00313999,0.204932,14,9,422158,AVL
104,14,6775,11.0056,9,1,21.24,0.00313506,0.206763,14,9,428554,AVL
105,14,6810,11.0138,9,1,21.398,0.00314214,0.207831,14,9,432894,AVL
106,14,6863,11.0251,9,1,21.552,0.00314032,0.209449,14,9,438337,AVL
107,14,6885,11.0289,9,1,21.582,0.00313464,0.21012,14,9,440116,AVL
108,14,6900,11.0312,9,1,21.611,0.00313203,0.210578,14,9,441079,AVL
109,14,6923,11.0367,9,1,21.692,0.00313332,0.21128,14,9,443985,AVL
110,14,6979,11.0489,9,1,21.83,0.00312796,0.212989,14,9,449888,AVL
111,14,7016,11.0554,9,1,22.31,0.00317987,0.214118,14,9,454684,AVL
112,14,7044,11.0612,9,1,22.747,0.00322927,0.214972,14,9,458932,AVL
113,14,7077,11.0684,9,1,22.925,0.00323937,0.215979,14,9,461380,AVL
114,14,7172,11.0887,9,1,23.138,0.00322616,0.218879,14,9,468655,AVL
115,14,7239,11.1043,9,1,23.347,0.00322517,0.220923,14,9,475767,AVL
116,14,7272,11.1103,9,1,23.505,0.00323226,0.221931,14,9,479530,AVL
117,14,7279,11.1118,9,1,23.581,0.00323959,0.222144,14,9,480918,AVL
118,14,7313,11.119,9,1,23.835,0.00325926,0.223182,14,9,486169,AVL
119,14,7344,11.1242,9,1,24.079,0.00327873,0.224128,14,9,489314,AVL
120,14,7380,11.1312,9,1,24.326,0.00329621,0.225227,14,9,495109,AVL
121,14,7399,11.1357,9,1,24.446,0.00330396,0.225806,14,9,497853,AVL
122,14,7432,11.1421,9,1,24.61,0.00331136,0.226814,14,9,500226,AVL
123,14,7453,11.1453,9,1,24.755,0.00332148,0.227454,14,9,503584,AVL
124,14,7463,11.1474,9,1,24.853,0.00333016,0.22776,14,9,505586,AVL
125,14,7482,11.151,9,1,25.244,0.00337396,0.228339,14,9,512356,AVL
126,14,7495,11.1536,9,1,25.381,0.00338639,0.228736,14,9,515422,AVL
127,14,7548,11.1634,9,1,25.675,0.00340156,0.230354,14,9,522323,AVL
128,14,7577,11.1692,9,1,25.81,0.00340636,0.231239,14,9,525196,AVL
129,14,7604,11.1743,9,1,25.909,0.00340729,0.232063,14,9,528920,AVL
130,14,7642,11.1808,9,1,26.083,0.00341311,0.233222,14,9,535568,AVL
131,14,7668,11.1858,9,1,26.239,0.00342188,0.234016,14,9,538111,AVL
132,14,7691,11.1907,9,1,26.388,0.00343102,0.234718,14,9,541338,AVL
133,14,7716,11.1952,9,1,26.524,0.00343753,0.235481,14,9,544545,AVL
134,14,7747,11.2018,9,1,26.704,0.00344701,0.236427,14,9,548535,AVL
135,14,7810,11.2133,9,1,27.173,0.00347926,0.23835,14,9,560464,AVL
136,14,7820,11.2156,9,1,27.381,0.00350141,0.238655,14,9,563845,AVL
137,14,7831,11.2177,9,1,27.443,0.00350441,0.23899,14,9,565317,AVL
138,14,7855,11.2229,9,1,27.674,0.00352311,0.239723,14,9,569645,AVL
139,15,7883,11.2286,9,1,28.318,0.00359229,0.120287,15,9,573975,AVL
140,15,7950,11.239,9,1,28.537,0.00358956,0.121309,15,9,579040,AVL
141,15,7958,11.2404,9,1,28.579,0.00359123,0.121431,15,9,579742,AVL
142,15,7976,11.2444,9,1,28.686,0.00359654,0.121706,15,9,581721,AVL
143,15,8007,11.2507,9,1,28.915,0.00361122,0.122179,15,9,586152,AVL
144,15,8037,11.2564,9,1,29.257,0.00364029,0.122637,15,9,590741,AVL
145,15,8068,11.2621,9,1,29.456,0.00365097,0.12311,15,9,594556,AVL
146,15,8094,11.2665,9,1,29.63,0.00366074,0.123507,15,9,598374,AVL
147,15,8141,11.2755,9,1,29.95,0.00367891,0.124224,15,9,604074,AVL
148,15,8163,11.2803,9,1,30.128,0.0036908,0.124559,15,9,607876,AVL
149,15,8205,11.2876,9,1,30.534,0.00372139,0.1252,15,9,616125,AVL
150,15,8221,11.2902,9,1,30.645,0.00372765,0.125444,15,9,618558,AVL
151,15,8334,11.3101,9,1,31.6,0.0037917,0.127169,15,9,638383,AVL
152,15,8349,11.3125,9,1,31.784,0.00380692,0.127398,15,9,642099,AVL
153,15,8354,11.3131,9,1,31.835,0.00381075,0.127474,15,9,642989,AVL
154,15,8379,11.3171,10,1,32.028,0.00382241,0.127855,15,10,646306,AVL
155,15,8406,11.3218,10,1,32.396,0.00385391,0.128267,15,10,652672,AVL
156,15,8420,11.3243,10,1,32.562,0.00386722,0.128481,15,10,655094,AVL
157,15,8472,11.3336,10,1,32.914,0.00388503,0.129274,15,10,661525,AVL
158,15,8525,11.3421,10,1,33.298,0.00390592,0.130083,15,10,668592,AVL
159,15,8547,11.3462,10,1,33.451,0.00391377,0.130419,15,10,671417,AVL
160,15,8563,11.3492,10,1,33.613,0.00392538,0.130663,15,10,674262,AVL
161,15,8591,11.352,10,1,34.202,0.00398114,0.13109,15,10,677430,AVL
162,15,8608,11.3546,10,1,34.528,0.00401115,0.13135,15,10,679696,AVL
163,15,8639,11.3609,10,1,35.034,0.00405533,0.131823,15,10,683528,AVL
164,15,8665,11.3647,10,1,35.61,0.00410964,0.132219,15,10,688150,AVL
165,15,8692,11.3692,10,1,35.875,0.00412736,0.132631,15,10,692298,AVL
166,15,8705,11.3716,10,1,35.994,0.00413487,0.13283,15,10,693986,AVL
167,15,8720,11.3744,10,1,36.202,0.00415161,0.133059,15,10,697753,AVL
168,15,8738,11.3779,10,1,36.459,0.00417247,0.133333,15,10,701173,AVL
169,15,8751,11.3805,10,1,36.599,0.00418226,0.133532,15,10,703342,AVL
170,15,8776,11.3851,10,1,36.854,0.00419941,0.133913,15,10,707170,AVL
171,15,8790,11.387,10,1,36.975,0.00420648,0.134127,15,10,708848,AVL
172,15,8810,11.3919,10,1,37.193,0.00422168,0.134432,15,10,712090,AVL
173,15,8825,11.3946,10,1,37.412,0.00423932,0.134661,15,10,714929,AVL
174,15,8891,11.4057,10,1,38.149,0.00429074,0.135668,15,10,726805,AVL
175,15,8902,11.4073,10,1,38.283,0.00430049,0.135836,15,10,729049,AVL
176,15,8921,11.4094,10,1,38.558,0.00432216,0.136126,15,10,733037,AVL
177,15,8938,11.4126,10,1,38.826,0.00434392,0.136385,15,10,736910,AVL
178,15,8949,11.4143,10,1,39.024,0.00436071,0.136553,15,10,738876,AVL
179,15,8981,11.4197,10,1,39.272,0.00437279,0.137041,15,10,743021,AVL
180,15,9023,11.4259,10,1,39.743,0.00440463,0.137682,15,10,750830,AVL
181,15,9036,11.4277,10,1,39.848,0.00440992,0.137881,15,10,752372,AVL
182,15,9058,11.4312,10,1,40.121,0.00442934,0.138216,15,10,756538,AVL
183,15,9099,11.4381,10,1,40.848,0.00448928,0.138842,15,10,768106,AVL
184,15,9117,11.441,10,1,41.038,0.00450126,0.139117,15,10,771687,AVL
185,15,9149,11.4461,10,1,41.396,0.00452465,0.139605,15,10,777534,AVL
186,15,9172,11.4495,10,1,41.617,0.0045374,0.139956,15,10,780772,AVL
187,15,9227,11.4585,10,1,42.379,0.00459293,0.140795,15,10,788358,AVL
188,15,9251,11.4631,10,1,42.788,0.00462523,0.141161,15,10,792113,AVL
189,15,9278,11.4676,10,1,43.357,0.0046731,0.141573,15,10,797263,AVL
190,15,9305,11.4716,10,1,44.102,0.0047396,0.141985,15,10,803772,AVL
191,15,9338,11.4774,10,1,44.455,0.00476066,0.142489,15,10,808011,AVL
192,15,9368,11.4826,10,1,44.981,0.00480156,0.142947,15,10,813327,AVL
193,15,9379,11.484,10,1,45.29,0.00482887,0.143114,15,10,815778,AVL
194,15,9403,11.4874,10,1,45.824,0.00487334,0.143481,15,10,822397,AVL
195,15,9428,11.4912,10,1,46.116,0.00489139,0.143862,15,10,825966,AVL
196,15,9438,11.4926,10,1,46.298,0.00490549,0.144015,15,10,828292,AVL
197,15,9454,11.4955,10,1,46.477,0.00491612,0.144259,15,10,830393,AVL
198,15,9461,11.4966,10,1,46.622,0.00492781,0.144366,15,10,832951,AVL
199,15,9474,11.4986,10,1,46.812,0.0049411,0.144564,15,10,835887,AVL
200,15,9482,11.5,10,1,46.928,0.00494917,0.144686,15,10,837689,AVL
201,15,9520,11.506,10,1,47.29,0.00496744,0.145266,15,10,842522,AVL
202,15,9532,11.5072,10,1,47.451,0.00497807,0.145449,15,10,845646,AVL
203,15,9547,11.5099,10,1,47.571,0.00498282,0.145678,15,10,847706,AVL
204,15,9586,11.517,10,1,47.915,0.00499844,0.146273,15,10,853349,AVL
205,15,9620,11.5225,10,1,48.214,0.00501185,0.146792,15,10,859190,AVL
206,15,9627,11.5236,10,1,48.311,0.00501828,0.146899,15,10,860582,AVL
207,15,9640,11.525,10,1,48.419,0.00502272,0.147097,15,10,862421,AVL
208,15,9720,11.5373,10,1,51.127,0.00525998,0.148318,15,10,884000,AVL
209,15,9755,11.5423,10,1,52.834,0.00541609,0.148852,15,10,888732,AVL
210,15,9772,11.5449,10,1,53.144,0.0054384,0.149111,15,10,893265,AVL
211,15,9797,11.5487,10,1,53.427,0.0054534,0.149493,15,10,897648,AVL
212,15,9827,11.5531,10,1,53.624,0.0054568,0.14995,15,10,901622,AVL
213,15,9851,11.557,10,1,54.061,0.00548787,0.150317,15,10,907872,AVL
214,15,9904,11.5654,10,1,54.617,0.00551464,0.151125,15,10,916546,AVL
215,15,9908,11.566,10,1,54.863,0.00553724,0.151186,15,10,919504,AVL
216,15,9929,11.5692,10,1,55.285,0.00556803,0.151507,15,10,924825,AVL
217,15,9942,11.5711,10,1,55.7,0.00560249,0.151705,15,10,927681,AVL
218,15,9955,11.5729,10,1,55.917,0.00561698,0.151904,15,10,930204,AVL
219,15,9960,11.5737,10,1,56.001,0.00562259,0.15198,15,10,931212,AVL
220,15,9971,11.5756,10,1,56.229,0.00563925,0.152148,15,10,934410,AVL
221,15,9984,11.5772,10,1,56.39,0.00564804,0.152346,15,10,936638,AVL
222,15,10004,11.58,10,1,56.593,0.00565704,0.152651,15,10,939402,AVL
223,15,10018,11.5816,10,1,56.881,0.00567788,0.152865,15,10,942434,AVL
224,15,10056,11.5893,10,1,57.489,0.00571689,0.153445,15,10,953032,AVL
225,15,10059,11.5899,10,1,57.559,0.00572214,0.153491,15,10,953774,AVL
226,15,10077,11.5927,10,1,57.832,0.00573901,0.153765,15,10,957309,AVL
227,15,10091,11.5945,10,1,58.038,0.00575146,0.153979,15,10,959866,AVL
228,15,10117,11.5982,10,1,58.514,0.00578373,0.154376,15,10,965834,AVL
229,15,10139,11.6017,10,1,58.751,0.00579456,0.154711,15,10,969723,AVL
230,15,10144,11.6039,10,1,58.849,0.00580136,0.154788,15,10,971439,AVL
231,15,10152,11.6047,10,1,58.978,0.0058095,0.15491,15,10,973000,AVL
232,15,10249,11.6198,10,1,60.403,0.00589355,0.15639,15,10,997628,AVL
233,15,10277,11.6218,10,1,60.798,0.00591593,0.156817,15,10,1003798,AVL
234,15,10280,11.6224,10,1,60.915,0.00592558,0.156863,15,10,1005347,AVL
235,15,10282,11.6225,10,1,61.087,0.00594116,0.156893,15,10,1007677,AVL
236,15,10296,11.6246,10,1,61.365,0.00596008,0.157107,15,10,1012448,AVL
237,15,10310,11.6262,10,1,61.699,0.00598438,0.157321,15,10,1017292,AVL
238,15,10363,11.6336,10,1,62.432,0.00602451,0.158129,15,10,1029248,AVL
239,15,10378,11.6357,10,1,62.618,0.00603373,0.158358,15,10,1032444,AVL
240,15,10453,11.6452,10,1,64.303,0.00615163,0.159503,15,10,1060022,AVL
241,15,10464,11.6475,10,1,64.579,0.00617154,0.15967,15,10,1063787,AVL
242,15,10470,11.6486,10,1,64.716,0.00618109,0.159762,15,10,1065741,AVL
243,15,10486,11.6506,10,1,65.075,0.00620589,0.160006,15,10,1070072,AVL
244,15,10505,11.6532,10,1,65.358,0.00622161,0.160296,15,10,1073513,AVL
245,15,10530,11.6569,10,1,65.674,0.00623685,0.160678,15,10,1078247,AVL
246,15,10541,11.6584,10,1,65.855,0.00624751,0.160845,15,10,1079883,AVL
247,15,10555,11.6602,10,1,66.093,0.00626177,0.161059,15,10,1083095,AVL
248,15,10562,11.6612,10,1,66.178,0.00626567,0.161166,15,10,1084216,AVL
249,15,10589,11.6652,10,1,66.537,0.0062836,0.161578,15,10,1089177,AVL
250,15,10594,11.666,10,1,66.659,0.00629215,0.161654,15,10,1090777,AVL
251,15,10614,11.6686,10,1,67.072,0.0063192,0.161959,15,10,1095644,AVL
252,15,10648,11.6731,10,1,67.541,0.00634307,0.162478,15,10,1102738,AVL
253,15,10674,11.6768,10,1,68.091,0.00637915,0.162875,15,10,1110216,AVL
254,15,10695,11.6799,10,1,68.261,0.00638252,0.163195,15,10,1112827,AVL
255,15,10716,11.6824,10,1,68.741,0.0064148,0.163516,15,10,1119754,AVL
256,15,10730,11.6845,10,1,68.882,0.00641957,0.163729,15,10,1122013,AVL
257,15,10751,11.6876,10,1,69.127,0.00642982,0.16405,15,10,1126437,AVL
258,15,10766,11.6897,10,1,69.279,0.00643498,0.164279,15,10,1128350,AVL
259,15,10784,11.6919,10,1,69.699,0.00646319,0.164553,15,10,1134575,AVL
260,15,10785,11.6919,10,1,69.833,0.00647501,0.164569,15,10,1136706,AVL
261,15,10789,11.6926,10,1,70.045,0.00649226,0.16463,15,10,1139432,AVL
262,15,10805,11.6946,10,1,70.366,0.00651236,0.164874,15,10,1142624,AVL
263,15,10831,11.6987,10,1,70.759,0.00653301,0.16527,15,10,1148228,AVL
264,15,10873,11.7056,10,1,71.752,0.0065991,0.165911,15,10,1158035,AVL
265,15,10880,11.7067,10,1,71.921,0.00661039,0.166018,15,10,1159664,AVL
266,15,10930,11.7135,10,1,72.839,0.00666414,0.166781,15,10,1170955,AVL
267,15,10964,11.7181,10,1,73.176,0.00667421,0.1673,15,10,1175371,AVL
268,15,10975,11.7195,10,1,73.359,0.00668419,0.167468,15,10,1177597,AVL
269,15,10982,11.7203,10,1,73.475,0.00669049,0.167575,15,10,1179217,AVL
270,15,11009,11.7235,10,1,74.058,0.00672704,0.167987,15,10,1185390,AVL
271,15,11038,11.728,10,1,74.37,0.00673763,0.168429,15,10,1189767,AVL
272,15,11051,11.7298,10,1,74.619,0.00675224,0.168627,15,10,1192692,AVL
273,15,11073,11.7327,10,1,75.081,0.00678055,0.168963,15,10,1197877,AVL
274,15,11104,11.7372,10,1,75.734,0.00682043,0.169436,15,10,1206700,AVL
275,15,11122,11.74,10,1,75.995,0.00683285,0.169711,15,10,1209866,AVL
276,15,11129,11.7407,10,1,76.18,0.00684518,0.169818,15,10,1211968,AVL
277,15,11132,11.7412,10,1,76.381,0.00686139,0.169863,15,10,1214461,AVL
278,15,11140,11.7418,10,1,76.646,0.00688025,0.169986,15,10,1217313,AVL
279,15,11143,11.7422,10,1,76.928,0.00690371,0.170031,15,10,1220178,AVL
280,15,11149,11.7428,10,1,77.083,0.00691389,0.170123,15,10,1221900,AVL
281,15,11165,11.7455,10,1,77.258,0.00691966,0.170367,15,10,1224200,AVL
282,15,11226,11.7523,10,1,77.69,0.00692054,0.171298,15,10,1231702,AVL
283,15,11239,11.7535,10,1,77.892,0.00693051,0.171496,15,10,1233212,AVL
284,15,11248,11.7547,10,1,78.039,0.00693803,0.171633,15,10,1235116,AVL
285,15,11259,11.756,10,1,78.296,0.00695408,0.171801,15,10,1238791,AVL
286,15,11277,11.7586,10,1,78.623,0.00697198,0.172076,15,10,1242522,AVL
287,15,11298,11.7606,10,1,79.306,0.00701947,0.172396,15,10,1248909,AVL
288,15,11311,11.7621,10,1,79.799,0.00705499,0.172595,15,10,1254028,AVL
289,15,11316,11.7629,10,1,79.921,0.00706265,0.172671,15,10,1255223,AVL
290,15,11328,11.7645,10,1,80.585,0.00711379,0.172854,15,10,1259216,AVL
291,15,11341,11.7662,10,1,81.034,0.00714523,0.173053,15,10,1263071,AVL
292,15,11361,11.7686,10,1,81.623,0.00718449,0.173358,15,10,1269202,AVL
293,15,11365,11.769,10,1,81.989,0.00721417,0.173419,15,10,1272219,AVL
294,15,11380,11.7711,10,1,82.286,0.00723076,0.173648,15,10,1275224,AVL
295,15,11394,11.7729,10,1,82.774,0.0072647,0.173861,15,10,1280107,AVL
296,15,11401,11.7739,10,1,82.978,0.00727813,0.173968,15,10,1282345,AVL
297,15,11441,11.7782,10,1,83.908,0.00733397,0.174578,15,10,1293836,AVL
298,15,11450,11.779,10,1,84.16,0.00735022,0.174716,15,10,1296171,AVL
299,15,11463,11.7809,10,1,84.336,0.00735724,0.174914,15,10,1298515,AVL
300,15,11465,11.7812,10,1,84.468,0.00736747,0.174945,15,10,1300255,AVL
301,15,11498,11.7848,10,1,84.842,0.00737885,0.175448,15,10,1305260,AVL
302,15,11522,11.7878,10,1,85.166,0.0073916,0.175814,15,10,1309518,AVL
303,15,11529,11.7887,10,1,85.483,0.00741461,0.175921,15,10,1313463,AVL
304,15,11538,11.79,10,1,85.924,0.00744704,0.176059,15,10,1318328,AVL
305,15,11602,11.798,10,1,87.179,0.00751414,0.177035,15,10,1333270,AVL
306,15,11619,11.8,10,1,87.855,0.00756132,0.177295,15,10,1340661,AVL
307,15,11638,11.8023,10,1,88.432,0.00759856,0.177584,15,10,1347488,AVL
308,15,11640,11.8027,10,1,88.579,0.00760988,0.177615,15,10,1348915,AVL
309,15,11653,11.805,10,1,89.141,0.00764962,0.177813,15,10,1354169,AVL
310,15,11661,11.8064,10,1,89.402,0.00766675,0.177935,15,10,1356685,AVL
311,15,11681,11.8091,10,1,89.882,0.00769472,0.178241,15,10,1360785,AVL
312,15,11694,11.8105,10,1,90.319,0.00772353,0.178439,15,10,1365595,AVL
313,15,11701,11.8109,10,1,90.719,0.0077531,0.178546,15,10,1369222,AVL
314,15,11718,11.8134,10,1,91.193,0.0077823,0.178805,15,10,1373799,AVL
315,15,11725,11.8142,10,1,91.415,0.00779659,0.178912,15,10,1376199,AVL
316,15,11748,11.8164,10,1,92.394,0.00786466,0.179263,15,10,1387597,AVL
317,15,11809,11.8248,10,1,93.272,0.00789838,0.180194,15,10,1398204,AVL
318,15,11814,11.8255,10,1,93.667,0.00792847,0.18027,15,10,1402791,AVL
319,15,11825,11.8271,10,1,93.926,0.007943,0.180438,15,10,1405684,AVL
320,15,11834,11.8284,10,1,94.118,0.00795319,0.180575,15,10,1407820,AVL
321,15,11853,11.8306,10,1,94.545,0.00797646,0.180865,15,10,1411988,AVL
322,15,11868,11.8332,10,1,94.998,0.00800455,0.181094,15,10,1417496,AVL
323,15,11879,11.8346,10,1,95.29,0.00802172,0.181262,15,10,1421035,AVL
324,15,11902,11.8374,10,1,96.055,0.00807049,0.181613,15,10,1429410,AVL
325,15,11911,11.8379,10,1,96.649,0.00811426,0.18175,15,10,1436286,AVL
326,15,11940,11.8415,10,1,97.377,0.00815553,0.182193,15,10,1441867,AVL
327,15,12037,11.8529,10,1,100.395,0.00834053,0.183673,15,10,1479992,AVL
328,15,12080,11.8579,10,1,101.125,0.00837127,0.184329,15,10,1489602,AVL
329,15,12088,11.859,10,1,101.378,0.00838666,0.184451,15,10,1492479,AVL
330,15,12110,11.8623,10,1,101.818,0.00840776,0.184787,15,10,1497313,AVL
331,15,12156,11.8668,10,1,102.996,0.00847285,0.185489,15,10,1511024,AVL
332,15,12165,11.8677,10,1,103.19,0.00848253,0.185626,15,10,1512902,AVL
333,15,12171,11.8683,10,1,103.539,0.00850702,0.185718,15,10,1515576,AVL
334,15,12185,11.87,10,1,104.027,0.0085373,0.185931,15,10,1519643,AVL
335,15,12189,11.8709,10,1,104.225,0.00855074,0.185992,15,10,1521407,AVL
336,15,12198,11.8718,10,1,104.301,0.00855066,0.18613,15,10,1522236,AVL
337,15,12205,11.8722,10,1,104.576,0.00856829,0.186236,15,10,1524646,AVL
338,15,12223,11.8743,10,1,105.094,0.00859805,0.186511,15,10,1528403,AVL
339,15,12226,11.8748,10,1,105.185,0.00860339,0.186557,15,10,1529344,AVL
340,15,12233,11.8757,10,1,105.529,0.00862658,0.186664,15,10,1532753,AVL
341,15,12250,11.8776,10,1,106.36,0.00868245,0.186923,15,10,1537980,AVL
342,15,12254,11.8779,10,1,106.674,0.00870524,0.186984,15,10,1539686,AVL
343,15,12262,11.8782,10,1,106.914,0.00871913,0.187106,15,10,1542314,AVL
344,15,12272,11.8792,10,1,107.226,0.00873745,0.187259,15,10,1544805,AVL
345,15,12307,11.8823,10,1,108.429,0.00881035,0.187793,15,10,1555403,AVL
346,15,12314,11.8829,10,1,108.881,0.00884205,0.1879,15,10,1559251,AVL
347,15,12324,11.884,10,1,109.174,0.00885865,0.188052,15,10,1561902,AVL
348,15,12335,11.8851,10,1,109.795,0.00890109,0.18822,15,10,1566970,AVL
349,15,12339,11.8856,10,1,110.106,0.00892341,0.188281,15,10,1569631,AVL
350,15,12346,11.8865,10,1,110.486,0.00894913,0.188388,15,10,1573142,AVL
351,15,12350,11.8872,10,1,110.666,0.00896081,0.188449,15,10,1574888,AVL
352,15,12388,11.8916,10,1,111.227,0.00897861,0.189029,15,10,1580212,AVL
353,15,12396,11.8924,10,1,111.788,0.00901807,0.189151,15,10,1584897,AVL
354,15,12405,11.8933,10,1,112.186,0.00904361,0.189288,15,10,1588613,AVL
355,15,12411,11.894,10,1,112.788,0.00908774,0.18938,15,10,1594077,AVL
356,15,12432,11.8959,10,1,113.145,0.00910111,0.1897,15,10,1597957,AVL
357,15,12438,11.8965,10,1,113.406,0.0091177,0.189792,15,10,1600436,AVL
358,15,12443,11.8972,10,1,113.725,0.00913968,0.189868,15,10,1602762,AVL
359,15,12453,11.8983,10,1,114.121,0.00916414,0.190021,15,10,1607054,AVL
360,15,12462,11.8988,10,1,114.361,0.00917678,0.190158,15,10,1610282,AVL
361,15,12477,11.9006,10,1,114.649,0.00918883,0.190387,15,10,1613202,AVL
362,15,12493,11.903,10,1,115.231,0.00922365,0.190631,15,10,1619160,AVL
363,15,12536,11.9078,10,1,116.258,0.00927393,0.191287,15,10,1629395,AVL
364,15,12549,11.9096,10,1,116.81,0.00930831,0.191485,15,10,1635393,AVL
365,15,12556,11.9106,10,1,117.105,0.00932662,0.191592,15,10,1637593,AVL
366,15,12564,11.9117,10,1,117.415,0.00934535,0.191714,15,10,1640719,AVL
367,15,12565,11.9118,10,1,117.662,0.00936427,0.19173,15,10,1642406,AVL
368,15,12573,11.9126,10,1,117.988,0.00938424,0.191852,15,10,1645394,AVL
369,15,12588,11.9144,10,1,118.898,0.00944534,0.192081,15,10,1652845,AVL
370,15,12597,11.9153,10,1,119.391,0.00947773,0.192218,15,10,1656715,AVL
371,15,12610,11.9167,10,1,119.81,0.00950119,0.192416,15,10,1661470,AVL
372,15,12645,11.9198,10,1,121.945,0.00964373,0.19295,15,10,1682133,AVL
373,15,12654,11.9207,10,1,122.198,0.00965687,0.193088,15,10,1684638,AVL
374,15,12667,11.9222,10,1,122.488,0.00966985,0.193286,15,10,1687618,AVL
375,15,12683,11.9242,10,1,122.855,0.00968659,0.19353,15,10,1691170,AVL
376,15,12685,11.9242,10,1,123.063,0.00970146,0.193561,15,10,1692374,AVL
377,15,12695,11.9252,10,1,123.533,0.00973084,0.193713,15,10,1696399,AVL
378,15,12710,11.927,10,1,124.209,0.00977254,0.193942,15,10,1702859,AVL
379,15,12728,11.9283,10,1,124.652,0.00979353,0.194217,15,10,1706707,AVL
380,15,12739,11.9295,10,1,125.118,0.00982165,0.194385,15,10,1710965,AVL
381,15,12741,11.9298,10,1,125.389,0.00984138,0.194415,15,10,1712748,AVL
382,15,12756,11.9312,10,1,126.198,0.00989323,0.194644,15,10,1720002,AVL
383,15,12773,11.9335,10,1,126.664,0.00991654,0.194903,15,10,1724287,AVL
384,15,12781,11.9341,10,1,127.228,0.00995446,0.195026,15,10,1729734,AVL
385,15,12799,11.9356,10,1,127.912,0.00999391,0.1953,15,10,1736602,AVL
386,15,12802,11.9359,10,1,128.097,0.010006,0.195346,15,10,1738515,AVL
387,15,12812,11.9369,10,1,128.744,0.0100487,0.195499,15,10,1742995,AVL
388,15,12817,11.9372,10,1,129.074,0.0100705,0.195575,15,10,1745894,AVL
389,15,12828,11.9383,10,1,129.61,0.0101037,0.195743,15,10,1751179,AVL
390,15,12832,11.9388,10,1,129.825,0.0101173,0.195804,15,10,1752931,AVL
391,15,12842,11.9402,10,1,130.31,0.0101472,0.195956,15,10,1757128,AVL
392,15,12844,11.9404,10,1,130.421,0.0101542,0.195987,15,10,1758304,AVL
393,15,12847,11.9407,10,1,130.684,0.0101723,0.196033,15,10,1760740,AVL
394,15,12859,11.9422,10,1,130.945,0.0101831,0.196216,15,10,1763475,AVL
395,15,12868,11.9431,10,1,131.123,0.0101899,0.196353,15,10,1765155,AVL
396,15,12877,11.9446,10,1,131.58,0.0102182,0.19649,15,10,1769406,AVL
397,15,12892,11.9465,10,1,132.335,0.0102649,0.196719,15,10,1778266,AVL
398,15,12904,11.9474,10,1,132.687,0.0102826,0.196902,15,10,1782093,AVL
399,15,12914,11.9487,10,1,132.936,0.0102939,0.197055,15,10,1785446,AVL
400,15,12927,11.9499,10,1,133.39,0.0103187,0.197253,15,10,1789669,AVL
401,15,12932,11.9505,10,1,133.512,0.0103242,0.19733,15,10,1790885,AVL
402,15,12948,11.9527,10,1,134.13,0.0103591,0.197574,15,10,1797576,AVL
403,15,12961,11.9541,10,1,135.134,0.0104262,0.197772,15,10,1805077,AVL
404,15,12969,11.955,10,1,135.638,0.0104586,0.197894,15,10,1809437,AVL
405,15,12972,11.9554,10,1,135.894,0.0104759,0.19794,15,10,1811769,AVL
406,15,12980,11.9564,10,1,136.501,0.0105163,0.198062,15,10,1818372,AVL
407,15,12991,11.9577,10,1,137.047,0.0105494,0.19823,15,10,1824150,AVL
408,15,13011,11.9599,10,1,137.604,0.010576,0.198535,15,10,1830663,AVL
409,15,13015,11.9604,10,1,137.807,0.0105883,0.198596,15,10,1832325,AVL
410,15,13025,11.9614,10,1,138.178,0.0106087,0.198749,15,10,1837089,AVL
411,15,13033,11.9623,10,1,138.566,0.0106319,0.198871,15,10,1841047,AVL
412,15,13034,11.9625,10,1,138.646,0.0106373,0.198886,15,10,1841833,AVL
413,15,13044,11.9636,10,1,139.084,0.0106627,0.199039,15,10,1845913,AVL
414,15,13065,11.9653,10,1,139.659,0.0106896,0.199359,15,10,1852223,AVL
415,15,13074,11.9661,10,1,140.064,0.0107132,0.199496,15,10,1856482,AVL
416,15,13086,11.9674,10,1,140.467,0.0107341,0.19968,15,10,1860441,AVL
417,15,13097,11.9687,10,1,140.877,0.0107564,0.199847,15,10,1865679,AVL
418,15,13106,11.9699,10,1,141.286,0.0107803,0.199985,15,10,1869872,AVL
419,15,13118,11.9715,10,1,141.572,0.0107922,0.200168,15,10,1873036,AVL
420,15,13128,11.9727,10,1,141.859,0.0108058,0.20032,15,10,1876381,AVL
421,15,13129,11.9727,10,1,142.153,0.0108274,0.200336,15,10,1879321,AVL
422,15,13138,11.9737,10,1,142.711,0.0108625,0.200473,15,10,1885330,AVL
423,15,13152,11.9754,10,1,143.314,0.0108967,0.200687,15,10,1890896,AVL
424,15,13166,11.9774,10,1,144.22,0.010954,0.2009,15,10,1895949,AVL
425,15,13175,11.978,10,1,144.835,0.0109932,0.201038,15,10,1899647,AVL
426,15,13190,11.9795,10,1,145.741,0.0110494,0.201266,15,10,1904776,AVL
427,15,13194,11.9802,10,1,146.089,0.0110724,0.201328,15,10,1907682,AVL
428,15,13203,11.9814,10,1,146.365,0.0110857,0.201465,15,10,1909913,AVL
429,15,13211,11.9823,10,1,146.711,0.0111052,0.201587,15,10,1913725,AVL
430,15,13220,11.9833,10,1,147.181,0.0111332,0.201724,15,10,1918843,AVL
431,15,13234,11.9847,10,1,147.883,0.0111745,0.201938,15,10,1924935,AVL
432,15,13240,11.9853,10,1,148.724,0.0112329,0.202029,15,10,1929761,AVL
433,15,13264,11.9873,10,1,150.03,0.0113111,0.202396,15,10,1947179,AVL
434,15,13287,11.9906,10,1,150.746,0.0113454,0.202747,15,10,1955229,AVL
435,15,13291,11.9911,10,1,151.011,0.0113619,0.202808,15,10,1957913,AVL
436,15,13299,11.992,10,1,151.376,0.0113825,0.20293,15,10,1961194,AVL
437,15,13300,11.992,10,1,151.522,0.0113926,0.202945,15,10,1962643,AVL
438,15,13302,11.9922,10,1,151.703,0.0114045,0.202976,15,10,1964446,AVL
439,15,13304,11.9924,10,1,151.828,0.0114122,0.203006,15,10,1965864,AVL
440,15,13310,11.9927,10,1,152.002,0.0114201,0.203098,15,10,1967579,AVL
441,15,13323,11.9943,10,1,152.792,0.0114683,0.203296,15,10,1975503,AVL
442,15,13341,11.9962,10,1,153.592,0.0115128,0.203571,15,10,1980970,AVL
443,15,13346,11.9969,10,1,153.743,0.0115198,0.203647,15,10,1982230,AVL
444,15,13383,12.0014,10,1,154.416,0.0115382,0.204211,15,10,1990156,AVL
445,15,13387,12.0017,10,1,154.887,0.01157,0.204273,15,10,1994796,AVL
446,15,13390,12.0019,10,1,155.054,0.0115798,0.204318,15,10,1996122,AVL
447,15,13401,12.0032,10,1,155.719,0.01162,0.204486,15,10,2001185,AVL
448,15,13406,12.0038,10,1,155.947,0.0116326,0.204562,15,10,2003119,AVL
449,15,13408,12.0042,10,1,156.267,0.0116548,0.204593,15,10,2005786,AVL
450,15,13419,12.0049,10,1,156.688,0.0116766,0.204761,15,10,2009203,AVL
451,15,13423,12.0054,10,1,156.917,0.0116902,0.204822,15,10,2010657,AVL
452,15,13428,12.006,10,1,157.079,0.0116979,0.204898,15,10,2011972,AVL
453,15,13432,12.0065,10,1,157.397,0.0117181,0.204959,15,10,2014633,AVL
454,15,13448,12.0081,10,1,157.893,0.011741,0.205203,15,10,2019490,AVL
455,15,13458,12.0094,10,1,158.334,0.011765,0.205356,15,10,2022686,AVL
456,15,13462,12.0097,10,1,158.939,0.0118065,0.205417,15,10,2027993,AVL
457,15,13479,12.0118,10,1,159.696,0.0118478,0.205676,15,10,2034968,AVL
458,15,13491,12.0131,10,1,160.498,0.0118967,0.205859,15,10,2041667,AVL
459,15,13500,12.0143,10,1,160.967,0.0119235,0.205997,15,10,2045986,AVL
460,15,13511,12.0156,10,1,161.389,0.011945,0.206165,15,10,2049486,AVL
461,15,13520,12.0166,10,1,161.669,0.0119578,0.206302,15,10,2052077,AVL
462,15,13522,12.0167,10,1,162.073,0.0119859,0.206332,15,10,2055469,AVL
463,15,13538,12.0185,10,1,163.295,0.012062,0.206577,15,10,2063137,AVL
464,15,13549,12.0199,10,1,163.678,0.0120804,0.206744,15,10,2066441,AVL
465,15,13558,12.0207,10,1,164.548,0.0121366,0.206882,15,10,2070133,AVL
466,15,13570,12.0221,10,1,164.891,0.0121511,0.207065,15,10,2073283,AVL
467,15,13606,12.0253,10,1,166.988,0.0122731,0.207614,15,10,2091160,AVL
468,15,13622,12.027,10,1,167.543,0.0122994,0.207858,15,10,2096483,AVL
469,15,13637,12.0284,10,1,167.814,0.0123058,0.208087,15,10,2099260,AVL
470,15,13642,12.0289,10,1,168.167,0.0123272,0.208164,15,10,2101436,AVL
471,15,13658,12.0309,10,1,169.066,0.0123785,0.208408,15,10,2110447,AVL
472,15,13659,12.031,10,1,169.24,0.0123904,0.208423,15,10,2112051,AVL
473,15,13660,12.0312,10,1,169.488,0.0124076,0.208438,15,10,2113536,AVL
474,15,13667,12.0301,10,1,169.667,0.0124144,0.208545,15,10,2115163,AVL
475,15,13670,12.0303,10,1,170.007,0.0124365,0.208591,15,10,2117999,AVL
476,15,13673,12.0308,10,1,170.075,0.0124387,0.208637,15,10,2118515,AVL
477,15,13677,12.0311,10,1,170.161,0.0124414,0.208698,15,10,2119240,AVL
478,15,13678,12.0313,10,1,170.481,0.0124639,0.208713,15,10,2122208,AVL
479,15,13687,12.0321,10,1,170.777,0.0124773,0.20885,15,10,2124818,AVL
480,15,13691,12.0326,10,1,170.936,0.0124853,0.208911,15,10,2125583,AVL
481,15,13700,12.0335,10,1,171.378,0.0125093,0.209049,15,10,2130558,AVL
482,15,13708,12.0341,10,1,171.691,0.0125249,0.209171,15,10,2133336,AVL
483,15,13725,12.0361,10,1,172.835,0.0125927,0.20943,15,10,2138857,AVL
484,15,13733,12.0363,10,1,173.415,0.0126276,0.209552,15,10,2144021,AVL
485,15,13739,12.037,10,1,173.812,0.012651,0.209644,15,10,2147502,AVL
486,15,13752,12.0382,10,1,174.366,0.0126793,0.209842,15,10,2152181,AVL
487,15,13758,12.0388,10,1,174.64,0.0126937,0.209934,15,10,2154247,AVL
488,15,13765,12.0396,10,1,174.973,0.0127114,0.21004,15,10,2157382,AVL
489,16,13778,12.0409,10,1,175.419,0.0127318,0.105119,16,10,2161103,AVL
490,16,13782,12.0414,10,1,175.955,0.012767,0.105149,16,10,2164829,AVL
491,16,13790,12.0423,10,1,176.546,0.0128025,0.10521,16,10,2169844,AVL
492,16,13799,12.043,10,1,176.767,0.0128101,0.105279,16,10,2171726,AVL
493,16,13818,12.0446,10,1,177.537,0.0128482,0.105424,16,10,2178439,AVL
494,16,13823,12.045,10,1,177.91,0.0128706,0.105462,16,10,2181764,AVL
495,16,13824,12.0449,10,1,178.084,0.0128822,0.10547,16,10,2183184,AVL
496,16,13832,12.0456,10,1,178.603,0.0129123,0.105531,16,10,2187892,AVL
497,16,13835,12.0458,10,1,178.928,0.012933,0.105553,16,10,2190124,AVL
498,16,13842,12.0466,10,1,179.497,0.0129676,0.105607,16,10,2194478,AVL
499,16,13845,12.0468,10,1,179.894,0.0129934,0.10563,16,10,2197666,AVL
500,16,13858,12.0483,10,1,180.637,0.0130349,0.105729,16,10,2204292,AVL
501,16,13884,12.0506,10,1,181.892,0.0131008,0.105927,16,10,2215416,AVL
502,16,13896,12.0516,10,1,182.531,0.0131355,0.106019,16,10,2221360,AVL
503,16,13904,12.0524,10,1,183.002,0.0131618,0.10608,16,10,2225596,AVL
504,16,13907,12.0527,10,1,183.422,0.0131892,0.106103,16,10,2228640,AVL
505,16,13927,12.0548,10,1,184.138,0.0132217,0.106255,16,10,2236484,AVL
506,16,13929,12.055,10,1,184.362,0.0132358,0.106271,16,10,2238474,AVL
507,16,13937,12.056,10,1,184.893,0.0132663,0.106332,16,10,2243168,AVL
508,16,13949,12.057,10,1,185.506,0.0132989,0.106423,16,10,2250193,AVL
509,16,13950,12.0572,10,1,185.621,0.0133062,0.106431,16,10,2251445,AVL
510,16,13953,12.0576,10,1,185.928,0.0133253,0.106454,16,10,2254214,AVL
511,16,13974,12.0594,10,1,187.122,0.0133907,0.106614,16,10,2269077,AVL
512,16,13977,12.0597,10,1,187.233,0.0133958,0.106637,16,10,2270617,AVL
513,16,13979,12.0599,10,1,187.477,0.0134113,0.106652,16,10,2273612,AVL
514,16,13984,12.0602,10,1,187.662,0.0134198,0.10669,16,10,2275854,AVL
515,16,13987,12.0606,10,1,187.988,0.0134402,0.106713,16,10,2279238,AVL
516,16,13987,12.0606,10,1,188.057,0.0134451,0.106713,16,10,2280108,AVL
517,16,13998,12.0619,10,1,188.359,0.0134561,0.106797,16,10,2284500,AVL
518,16,14008,12.0632,10,1,188.768,0.0134757,0.106873,16,10,2289527,AVL
519,16,14053,12.0675,10,1,190.001,0.0135203,0.107217,16,10,2303187,AVL
520,16,14063,12.0686,10,1,190.317,0.0135332,0.107293,16,10,2306085,AVL
521,16,14064,12.0686,10,1,190.531,0.0135474,0.107301,16,10,2308396,AVL
522,16,14077,12.0703,10,1,191.091,0.0135747,0.1074,16,10,2314105,AVL
523,16,14089,12.0717,10,1,191.621,0.0136008,0.107491,16,10,2319184,AVL
524,16,14090,12.0718,10,1,191.886,0.0136186,0.107499,16,10,2321860,AVL
525,16,14094,12.0722,10,1,192.103,0.0136301,0.10753,16,10,2324015,AVL
526,16,14097,12.0724,10,1,192.465,0.0136529,0.107552,16,10,2328120,AVL
527,16,14107,12.0735,10,1,192.68,0.0136585,0.107629,16,10,2330234,AVL
528,16,14116,12.0745,10,1,192.91,0.0136661,0.107697,16,10,2332705,AVL
529,16,14118,12.0747,10,1,193.113,0.0136785,0.107713,16,10,2334813,AVL
530,16,14134,12.0753,10,1,193.646,0.0137007,0.107835,16,10,2340451,AVL
531,16,14144,12.0765,10,1,194.196,0.0137299,0.107911,16,10,2345685,AVL
532,16,14149,12.077,10,1,194.561,0.0137509,0.107949,16,10,2349095,AVL
533,16,14192,12.0815,10,1,196.008,0.0138112,0.108277,16,10,2365381,AVL
534,16,14198,12.0823,10,1,196.282,0.0138246,0.108323,16,10,2368302,AVL
535,16,14205,12.0828,10,1,196.862,0.0138586,0.108376,16,10,2373939,AVL
536,16,14211,12.0834,10,1,197.455,0.0138945,0.108422,16,10,2379637,AVL
537,16,14216,12.084,10,1,197.714,0.0139079,0.10846,16,10,2382201,AVL
538,16,14222,12.0847,10,1,198.043,0.0139251,0.108506,16,10,2386001,AVL
539,16,14226,12.084,10,1,198.33,0.0139414,0.108537,16,10,2389024,AVL
540,16,14228,12.0841,10,1,198.569,0.0139562,0.108552,16,10,2391633,AVL
541,16,14229,12.0842,10,1,198.841,0.0139743,0.108559,16,10,2393846,AVL
542,16,14240,12.0853,10,1,199.331,0.013998,0.108643,16,10,2398193,AVL
543,16,14257,12.087,10,1,199.845,0.0140173,0.108773,16,10,2403717,AVL
544,16,14281,12.0895,10,1,201.387,0.0141017,0.108956,16,10,2415517,AVL
545,16,14288,12.0902,10,1,201.977,0.0141361,0.10901,16,10,2420775,AVL
546,16,14302,12.0918,10,1,202.47,0.0141568,0.109116,16,10,2425855,AVL
547,16,14303,12.0919,10,1,202.968,0.0141906,0.109124,16,10,2430583,AVL
548,16,14318,12.0932,10,1,203.869,0.0142387,0.109239,16,10,2439142,AVL
549,16,14331,12.0941,10,1,204.631,0.0142789,0.109338,16,10,2448399,AVL
550,16,14334,12.0942,10,1,204.709,0.0142814,0.109361,16,10,2449390,AVL
551,16,14348,12.0956,10,1,204.966,0.0142853,0.109467,16,10,2452312,AVL
552,16,14348,12.0956,10,1,205.059,0.0142918,0.109467,16,10,2453321,AVL
553,16,14351,12.0959,10,1,205.321,0.0143071,0.10949,16,10,2455837,AVL
554,16,14358,12.0967,10,1,205.654,0.0143233,0.109544,16,10,2459335,AVL
555,16,14366,12.0977,10,1,206.085,0.0143453,0.109605,16,10,2464321,AVL
556,16,14372,12.0983,10,1,206.34,0.0143571,0.10965,16,10,2466873,AVL
557,16,14381,12.0994,10,1,207.111,0.0144017,0.109719,16,10,2476416,AVL
558,16,14384,12.0998,10,1,207.344,0.0144149,0.109742,16,10,2478861,AVL
559,16,14397,12.1009,10,1,207.77,0.0144315,0.109841,16,10,2482949,AVL
560,16,14403,12.1014,10,1,208.094,0.014448,0.109887,16,10,2489180,AVL
561,16,14415,12.1029,10,1,208.593,0.0144706,0.109979,16,10,2494110,AVL
562,16,14416,12.1029,10,1,208.824,0.0144856,0.109986,16,10,2496495,AVL
563,16,14419,12.1033,10,1,209.097,0.0145015,0.110009,16,10,2499281,AVL
564,16,14422,12.1036,10,1,209.353,0.0145162,0.110032,16,10,2501760,AVL
565,16,14429,12.1042,10,1,210.258,0.0145719,0.110085,16,10,2508649,AVL
566,16,14434,12.1047,10,1,210.735,0.0145999,0.110124,16,10,2512906,AVL
567,16,14440,12.1053,10,1,211.2,0.014626,0.110169,16,10,2517322,AVL
568,16,14444,12.1056,10,1,211.495,0.0146424,0.1102,16,10,2520672,AVL
569,16,14455,12.107,10,1,212.194,0.0146796,0.110284,16,10,2525978,AVL
570,16,14467,12.108,10,1,212.716,0.0147035,0.110375,16,10,2531553,AVL
571,16,14492,12.1103,10,1,214.719,0.0148164,0.110566,16,10,2550780,AVL
572,16,14493,12.1104,10,1,214.863,0.0148253,0.110574,16,10,2552565,AVL
573,16,14495,12.1106,10,1,215.018,0.0148339,0.110589,16,10,2553932,AVL
574,16,14501,12.1112,10,1,215.169,0.0148382,0.110635,16,10,2555570,AVL
575,16,14518,12.1119,10,1,216.121,0.0148864,0.110764,16,10,2565420,AVL
576,16,14552,12.1146,10,1,218.666,0.0150265,0.111024,16,10,2588315,AVL
577,16,14574,12.1166,10,1,219.413,0.0150551,0.111192,16,10,2593163,AVL
578,16,14579,12.1173,10,1,219.632,0.015065,0.11123,16,10,2594773,AVL
579,16,14581,12.1175,10,1,219.856,0.0150783,0.111245,16,10,2596413,AVL
580,16,14615,12.1209,10,1,221.236,0.0151376,0.111504,16,10,2606980,AVL
581,16,14618,12.1214,10,1,221.636,0.0151619,0.111527,16,10,2610068,AVL
582,16,14627,12.1222,10,1,222.28,0.0151966,0.111596,16,10,2614574,AVL
583,16,14630,12.1224,10,1,222.436,0.0152041,0.111619,16,10,2615767,AVL
584,16,14637,12.123,10,1,223.51,0.0152702,0.111672,16,10,2624670,AVL
585,16,14647,12.1243,10,1,223.987,0.0152923,0.111749,16,10,2629209,AVL
586,16,14654,12.1249,10,1,224.464,0.0153176,0.111802,16,10,2633172,AVL
587,16,14658,12.1253,10,1,224.738,0.0153321,0.111833,16,10,2635393,AVL
588,16,14663,12.1259,10,1,224.972,0.0153428,0.111871,16,10,2637398,AVL
589,16,14672,12.1267,10,1,225.509,0.01537,0.111939,16,10,2643009,AVL
590,16,14677,12.1271,10,1,225.734,0.0153801,0.111977,16,10,2645320,AVL
591,16,14688,12.1281,10,1,227.013,0.0154557,0.112061,16,10,2657194,AVL
592,16,14697,12.1292,10,1,227.354,0.0154694,0.11213,16,10,2660814,AVL
593,16,14710,12.1305,10,1,228.044,0.0155027,0.112229,16,10,2667504,AVL
594,16,14718,12.1313,10,1,228.34,0.0155143,0.11229,16,10,2670726,AVL
595,16,14722,12.1318,10,1,228.571,0.0155258,0.112321,16,10,2673227,AVL
596,16,14724,12.132,10,1,228.865,0.0155437,0.112336,16,10,2676091,AVL
597,16,14736,12.133,10,1,229.898,0.0156011,0.112428,16,10,2683879,AVL
598,16,14754,12.1343,10,1,231.067,0.0156613,0.112565,16,10,2696139,AVL
599,16,14765,12.1354,10,1,231.433,0.0156744,0.112649,16,10,2698949,AVL
600,16,14781,12.1369,10,1,232.769,0.0157479,0.112771,16,10,2709124,AVL
601,16,14784,12.1372,10,1,233.17,0.0157718,0.112794,16,10,2712127,AVL
602,16,14796,12.1383,10,1,233.608,0.0157886,0.112885,16,10,2715582,AVL
603,16,14804,12.1394,10,1,234.505,0.0158407,0.112946,16,10,2721773,AVL
604,16,14807,12.1397,10,1,235.66,0.0159154,0.112969,16,10,2729682,AVL
605,16,14808,12.1398,10,1,235.858,0.0159277,0.112977,16,10,2731229,AVL
606,16,14821,12.1409,10,1,236.407,0.0159508,0.113076,16,10,2734867,AVL
607,16,14824,12.1413,10,1,236.946,0.0159839,0.113099,16,10,2738632,AVL
608,16,14829,12.1416,10,1,237.643,0.0160256,0.113137,16,10,2742206,AVL
609,16,14839,12.1429,10,1,238.137,0.016048,0.113213,16,10,2745149,AVL
610,16,14861,12.1458,10,1,239.863,0.0161404,0.113381,16,10,2757253,AVL
611,16,14863,12.146,10,1,240.483,0.01618,0.113397,16,10,2761691,AVL
612,16,14873,12.147,10,1,241.315,0.016225,0.113473,16,10,2767908,AVL
613,16,14878,12.1474,10,1,241.5,0.016232,0.113511,16,10,2769285,AVL
614,16,14887,12.1485,10,1,242.161,0.0162666,0.11358,16,10,2774273,AVL
615,16,14890,12.1488,10,1,242.673,0.0162977,0.113603,16,10,2777491,AVL
616,16,14891,12.1489,10,1,243.103,0.0163255,0.11361,16,10,2780429,AVL
617,16,14892,12.149,10,1,243.652,0.0163613,0.113618,16,10,2784362,AVL
618,16,14896,12.1492,10,1,243.91,0.0163742,0.113648,16,10,2785505,AVL
619,16,14910,12.1506,10,1,244.433,0.0163939,0.113755,16,10,2788882,AVL
620,16,14921,12.1515,10,1,244.965,0.0164175,0.113839,16,10,2793393,AVL
621,16,14925,12.1518,10,1,245.385,0.0164412,0.11387,16,10,2796923,AVL
622,16,14926,12.1518,10,1,245.586,0.0164536,0.113877,16,10,2798335,AVL
623,16,14935,12.1527,10,1,245.855,0.0164617,0.113946,16,10,2800525,AVL
624,16,14936,12.1528,10,1,245.999,0.0164702,0.113954,16,10,2801699,AVL
625,16,14948,12.1542,10,1,246.789,0.0165098,0.114045,16,10,2808845,AVL
626,16,14955,12.1549,10,1,247.149,0.0165262,0.114098,16,10,2811777,AVL
627,16,14957,12.1552,10,1,247.363,0.0165383,0.114114,16,10,2813717,AVL
628,16,14960,12.1555,10,1,247.592,0.0165503,0.114137,16,10,2815769,AVL
629,16,14962,12.1556,10,1,248.084,0.0165809,0.114152,16,10,2819956,AVL
630,16,14968,12.1563,10,1,248.313,0.0165896,0.114198,16,10,2821825,AVL
631,16,14971,12.1565,10,1,248.668,0.01661,0.114221,16,10,2825120,AVL
632,16,14992,12.1582,10,1,249.778,0.0166608,0.114381,16,10,2835608,AVL
633,16,14999,12.1587,10,1,250.223,0.0166826,0.114434,16,10,2839579,AVL
634,16,15003,12.159,10,1,250.783,0.0167155,0.114465,16,10,2844436,AVL
635,16,15013,12.1599,10,1,251.09,0.0167248,0.114541,16,10,2847451,AVL
636,16,15018,12.1607,10,1,251.306,0.0167337,0.114579,16,10,2849553,AVL
637,16,15020,12.1609,10,1,251.485,0.0167433,0.114594,16,10,2851214,AVL
638,16,15041,12.1627,10,1,252.509,0.016788,0.114755,16,10,2861507,AVL
639,16,15043,12.1629,10,1,252.694,0.0167981,0.11477,16,10,2862590,AVL
640,16,15045,12.1631,10,1,252.963,0.0168138,0.114785,16,10,2865110,AVL
641,16,15050,12.1637,10,1,253.151,0.0168207,0.114823,16,10,2866781,AVL
642,16,15063,12.1648,10,1,253.899,0.0168558,0.114922,16,10,2870698,AVL
643,16,15066,12.1651,10,1,254.124,0.0168674,0.114945,16,10,2872421,AVL
644,16,15079,12.1669,10,1,254.788,0.0168969,0.115045,16,10,2876961,AVL
645,16,15084,12.1671,10,1,255.042,0.0169081,0.115083,16,10,2879118,AVL
646,16,15092,12.1681,10,1,256.1,0.0169693,0.115144,16,10,2889102,AVL
647,16,15113,12.1702,10,1,257.237,0.0170209,0.115304,16,10,2899493,AVL
648,16,15114,12.1702,10,1,257.675,0.0170488,0.115312,16,10,2902329,AVL
649,16,15128,12.1713,10,1,258.551,0.0170909,0.115418,16,10,2908117,AVL
650,16,15141,12.1726,10,1,259.585,0.0171445,0.115518,16,10,2915623,AVL
651,16,15143,12.1726,10,1,259.795,0.0171561,0.115533,16,10,2917340,AVL
652,16,15153,12.1733,10,1,260.163,0.0171691,0.115609,16,10,2920116,AVL
653,16,15158,12.1738,10,1,260.617,0.0171934,0.115647,16,10,2923236,AVL
654,16,15163,12.1744,10,1,260.973,0.0172112,0.115685,16,10,2925528,AVL
655,16,15163,12.1744,10,1,261.407,0.0172398,0.115685,16,10,2927987,AVL
656,16,15168,12.1746,10,1,261.766,0.0172578,0.115724,16,10,2930634,AVL
657,16,15173,12.1751,10,1,262.338,0.0172898,0.115762,16,10,2934204,AVL
658,16,15176,12.1753,10,1,262.503,0.0172972,0.115785,16,10,2935333,AVL
659,16,15186,12.1763,10,1,264.13,0.017393,0.115861,16,10,2944367,AVL
660,16,15190,12.1768,10,1,264.532,0.0174149,0.115891,16,10,2947560,AVL
661,16,15203,12.1783,10,1,266.424,0.0175244,0.115991,16,10,2960285,AVL
662,16,15208,12.1791,10,1,266.859,0.0175473,0.116029,16,10,2963350,AVL
663,16,15213,12.1794,10,1,267.207,0.0175644,0.116067,16,10,2965457,AVL
664,16,15230,12.1812,10,1,268.439,0.0176257,0.116197,16,10,2975225,AVL
665,16,15240,12.1816,10,1,269.402,0.0176773,0.116273,16,10,2980971,AVL
666,16,15247,12.1822,10,1,270.107,0.0177154,0.116326,16,10,2985932,AVL
667,16,15251,12.1825,10,1,270.499,0.0177365,0.116357,16,10,2988610,AVL
668,16,15255,12.1829,10,1,271.358,0.0177881,0.116387,16,10,2995256,AVL
669,16,15259,12.183,10,1,271.712,0.0178067,0.116418,16,10,2997277,AVL
670,16,15261,12.1831,10,1,272.23,0.0178383,0.116433,16,10,3000426,AVL
671,16,15267,12.1837,10,1,272.722,0.0178635,0.116479,16,10,3004283,AVL
672,16,15268,12.1838,10,1,272.976,0.017879,0.116486,16,10,3006270,AVL
673,16,15307,12.1876,10,1,273.67,0.0178787,0.116784,16,10,3012188,AVL
674,16,15307,12.1876,10,1,273.869,0.0178917,0.116784,16,10,3014008,AVL
675,16,15333,12.1902,10,1,275.123,0.0179432,0.116982,16,10,3025218,AVL
676,16,15336,12.1903,10,1,275.416,0.0179588,0.117005,16,10,3027694,AVL
677,16,15341,12.1907,10,1,275.652,0.0179683,0.117043,16,10,3029900,AVL
678,16,15348,12.1914,10,1,275.899,0.0179762,0.117097,16,10,3031999,AVL
679,16,15365,12.1928,10,1,276.881,0.0180202,0.117227,16,10,3041159,AVL
680,16,15374,12.1936,10,1,277.431,0.0180455,0.117295,16,10,3046206,AVL
681,16,15393,12.196,10,1,278.331,0.0180817,0.11744,16,10,3055254,AVL
682,16,15393,12.196,10,1,278.522,0.0180941,0.11744,16,10,3057087,AVL
683,16,15400,12.1968,10,1,279.014,0.0181178,0.117494,16,10,3061718,AVL
684,16,15407,12.1975,10,1,279.748,0.0181572,0.117547,16,10,3068228,AVL
685,16,15409,12.1979,10,1,280.075,0.0181761,0.117562,16,10,3071231,AVL
686,16,15416,12.1987,10,1,280.805,0.0182152,0.117616,16,10,3077745,AVL
687,16,15421,12.1991,10,1,281.058,0.0182257,0.117654,16,10,3080353,AVL
688,16,15422,12.1993,10,1,281.132,0.0182293,0.117661,16,10,3081033,AVL
689,16,15431,12.2002,10,1,281.361,0.0182335,0.11773,16,10,3083335,AVL
690,16,15436,12.2006,10,1,282.126,0.0182771,0.117768,16,10,3090316,AVL
691,16,15440,12.2009,10,1,282.386,0.0182892,0.117799,16,10,3092559,AVL
692,16,15443,12.2013,10,1,282.726,0.0183077,0.117822,16,10,3095980,AVL
693,16,15461,12.2028,10,1,283.267,0.0183214,0.117959,16,10,3102120,AVL
694,16,15469,12.2037,10,1,283.542,0.0183297,0.11802,16,10,3104996,AVL
695,16,15476,12.2043,10,1,284.052,0.0183544,0.118073,16,10,3108194,AVL
696,16,15493,12.2061,10,1,285.968,0.0184579,0.118203,16,10,3114792,AVL
697,16,15495,12.2062,10,1,286.631,0.0184983,0.118218,16,10,3117053,AVL
698,16,15499,12.2065,10,1,287.302,0.0185368,0.118249,16,10,3120069,AVL
699,16,15507,12.2072,10,1,288.291,0.018591,0.11831,16,10,3125397,AVL
700,16,15512,12.2078,10,1,288.727,0.0186131,0.118348,16,10,3127911,AVL
701,16,15514,12.208,10,1,289.235,0.0186435,0.118363,16,10,3131324,AVL
702,16,15516,12.208,10,1,289.373,0.01865,0.118379,16,10,3132328,AVL
703,16,15525,12.209,10,1,289.946,0.0186761,0.118447,16,10,3135335,AVL
704,16,15535,12.21,10,1,290.262,0.0186844,0.118524,16,10,3137055,AVL
705,16,15537,12.2103,10,1,290.491,0.0186967,0.118539,16,10,3138559,AVL
706,16,15538,12.2103,10,1,290.964,0.018726,0.118546,16,10,3141414,AVL
707,16,15545,12.2111,10,1,291.554,0.0187555,0.1186,16,10,3145051,AVL
708,16,15548,12.2113,10,1,292.03,0.0187825,0.118623,16,10,3147572,AVL
709,16,15555,12.2118,10,1,292.542,0.0188069,0.118676,16,10,3151016,AVL
710,16,15559,12.2122,10,1,293.285,0.0188499,0.118707,16,10,3155936,AVL
711,16,15570,12.213,10,1,293.801,0.0188697,0.118791,16,10,3160161,AVL
712,16,15574,12.2134,10,1,294.769,0.018927,0.118821,16,10,3165863,AVL
713,16,15575,12.2134,10,1,295.156,0.0189506,0.118829,16,10,3168006,AVL
714,16,15578,12.2136,10,1,295.362,0.0189602,0.118852,16,10,3169248,AVL
715,16,15586,12.2142,10,1,295.859,0.0189824,0.118913,16,10,3171894,AVL
716,16,15589,12.2144,10,1,297,0.0190519,0.118936,16,10,3178679,AVL
717,16,15593,12.2147,10,1,297.393,0.0190722,0.118966,16,10,3181317,AVL
718,16,15602,12.2153,10,1,298.404,0.019126,0.119035,16,10,3187297,AVL
719,16,15604,12.2155,10,1,298.635,0.0191384,0.11905,16,10,3188761,AVL
720,16,15607,12.2157,10,1,298.909,0.0191522,0.119073,16,10,3190502,AVL
721,16,15619,12.2168,10,1,301.226,0.0192859,0.119164,16,10,3205922,AVL
722,16,15623,12.2173,10,1,301.503,0.0192987,0.119195,16,10,3207696,AVL
723,16,15632,12.2181,10,1,302.746,0.0193671,0.119264,16,10,3215885,AVL
724,16,15640,12.2192,10,1,303.591,0.0194112,0.119325,16,10,3220720,AVL
725,16,15657,12.2209,10,1,304.683,0.0194599,0.119454,16,10,3228852,AVL
726,16,15661,12.2214,10,1,305.201,0.019488,0.119485,16,10,3232319,AVL
727,16,15661,12.2214,10,1,306.484,0.0195699,0.119485,16,10,3239410,AVL
728,16,15665,12.2216,10,1,307.133,0.0196063,0.119515,16,10,3242696,AVL
729,16,15670,12.222,10,1,307.314,0.0196116,0.119554,16,10,3243897,AVL
730,16,15676,12.2226,10,1,308.326,0.0196687,0.119599,16,10,3250633,AVL
731,16,15679,12.2228,10,1,308.573,0.0196807,0.119622,16,10,3252631,AVL
732,16,15681,12.2231,10,1,309.015,0.0197063,0.119637,16,10,3255815,AVL
733,16,15688,12.2237,10,1,309.651,0.0197381,0.119691,16,10,3260884,AVL
734,16,15701,12.225,10,1,310.76,0.0197924,0.11979,16,10,3271047,AVL
735,16,15702,12.2251,10,1,311.032,0.0198084,0.119798,16,10,3273066,AVL
736,16,15703,12.2252,10,1,311.433,0.0198327,0.119805,16,10,3277061,AVL
737,16,15705,12.2254,10,1,311.636,0.0198431,0.119821,16,10,3278927,AVL
738,16,15711,12.226,10,1,312.352,0.0198811,0.119866,16,10,3285703,AVL
739,16,15711,12.226,10,1,312.769,0.0199076,0.119866,16,10,3289175,AVL
740,16,15719,12.2271,10,1,313.174,0.0199233,0.119927,16,10,3293254,AVL
741,16,15721,12.2272,10,1,313.413,0.0199359,0.119943,16,10,3295534,AVL
742,16,15726,12.2276,10,1,313.903,0.0199608,0.119981,16,10,3298726,AVL
743,16,15727,12.2277,10,1,314.078,0.0199706,0.119988,16,10,3300122,AVL
744,16,15730,12.228,10,1,314.993,0.020025,0.120011,16,10,3308747,AVL
745,16,15732,12.2282,10,1,315.616,0.020062,0.120027,16,10,3314937,AVL
746,16,15740,12.229,10,1,316.777,0.0201256,0.120088,16,10,3320569,AVL
747,16,15751,12.2301,10,1,317.255,0.0201419,0.120172,16,10,3323843,AVL
748,16,15751,12.2301,10,1,317.615,0.0201648,0.120172,16,10,3326290,AVL
749,16,15757,12.2308,10,1,318.206,0.0201946,0.120217,16,10,3330261,AVL
750,16,15761,12.2311,10,1,318.419,0.020203,0.120248,16,10,3332325,AVL
751,16,15764,12.2313,10,1,318.711,0.0202176,0.120271,16,10,3335008,AVL
752,16,15777,12.2325,10,1,319.184,0.020231,0.12037,16,10,3339723,AVL
753,16,15787,12.2332,10,1,321.197,0.0203457,0.120446,16,10,3354922,AVL
754,16,15792,12.2339,10,1,321.789,0.0203767,0.120484,16,10,3359240,AVL
755,16,15793,12.2339,10,1,322.116,0.0203961,0.120492,16,10,3361338,AVL
756,16,15800,12.2348,10,1,323.154,0.0204528,0.120545,16,10,3368531,AVL
757,16,15809,12.2358,10,1,323.595,0.020469,0.120614,16,10,3371754,AVL
758,16,15814,12.2363,10,1,324.093,0.0204941,0.120652,16,10,3374494,AVL
759,16,15826,12.2374,10,1,324.618,0.0205117,0.120744,16,10,3378803,AVL
760,16,15828,12.2374,10,1,324.804,0.0205208,0.120759,16,10,3380173,AVL
761,16,15828,12.2374,10,1,325.033,0.0205353,0.120759,16,10,3381657,AVL
762,16,15830,12.2376,10,1,325.311,0.0205503,0.120774,16,10,3383644,AVL
763,16,15847,12.239,10,1,326.856,0.0206257,0.120904,16,10,3390611,AVL
764,16,15850,12.2392,10,1,327.715,0.020676,0.120927,16,10,3394271,AVL
765,16,15854,12.2395,10,1,328.052,0.0206921,0.120957,16,10,3395993,AVL
766,16,15858,12.2401,10,1,329.284,0.0207645,0.120988,16,10,3399210,AVL
767,16,15866,12.2403,10,1,331.131,0.0208705,0.121049,16,10,3405311,AVL
768,16,15868,12.2405,10,1,331.986,0.0209217,0.121064,16,10,3409090,AVL
769,16,15869,12.2406,10,1,332.295,0.0209399,0.121072,16,10,3410748,AVL
770,16,15871,12.2407,10,1,333.426,0.0210085,0.121087,16,10,3417067,AVL
771,16,15885,12.2417,10,1,335.997,0.0211518,0.121194,16,10,3433914,AVL
772,16,15888,12.242,10,1,336.932,0.0212067,0.121217,16,10,3439577,AVL
773,16,15891,12.2423,10,1,337.146,0.0212162,0.12124,16,10,3440922,AVL
774,16,15893,12.2424,10,1,337.237,0.0212192,0.121255,16,10,3441555,AVL
775,16,15898,12.243,10,1,337.975,0.021259,0.121293,16,10,3445584,AVL
776,16,15912,12.2443,10,1,339.126,0.0213126,0.1214,16,10,3455667,AVL
777,16,15914,12.2445,10,1,339.915,0.0213595,0.121415,16,10,3462450,AVL
778,16,15920,12.2452,10,1,340.35,0.0213788,0.121461,16,10,3465999,AVL
779,16,15937,12.2468,10,1,341.822,0.0214483,0.121591,16,10,3479375,AVL
780,16,15940,12.2468,10,1,342.188,0.0214673,0.121613,16,10,3482892,AVL
781,16,15941,12.247,10,1,342.364,0.0214769,0.121621,16,10,3484435,AVL
782,16,15942,12.2471,10,1,342.892,0.0215087,0.121629,16,10,3489083,AVL
783,16,15944,12.2472,10,1,343.05,0.0215159,0.121644,16,10,3490585,AVL
784,16,15946,12.2474,10,1,343.302,0.021529,0.121659,16,10,3492511,AVL
785,16,15951,12.2479,10,1,343.661,0.0215448,0.121697,16,10,3495179,AVL
786,16,15959,12.2487,10,1,344.08,0.0215602,0.121758,16,10,3499225,AVL
787,16,15970,12.2495,10,1,345.549,0.0216374,0.121842,16,10,3513120,AVL
788,16,15980,12.2502,10,1,346.077,0.0216569,0.121919,16,10,3518146,AVL
789,16,15991,12.2513,10,1,347.018,0.0217008,0.122003,16,10,3526651,AVL
790,16,15992,12.2514,10,1,347.225,0.0217124,0.12201,16,10,3528197,AVL
791,16,15997,12.2519,10,1,347.578,0.0217277,0.122048,16,10,3531139,AVL
792,16,15997,12.2519,10,1,347.686,0.0217345,0.122048,16,10,3531998,AVL
793,16,15998,12.252,10,1,347.853,0.0217435,0.122056,16,10,3533538,AVL
794,16,16006,12.2527,10,1,348.633,0.0217814,0.122117,16,10,3540562,AVL
795,16,16006,12.2527,10,1,348.975,0.0218028,0.122117,16,10,3543532,AVL
796,16,16008,12.2529,10,1,349.227,0.0218158,0.122132,16,10,3545670,AVL
797,16,16010,12.2532,10,1,349.445,0.0218267,0.122148,16,10,3547657,AVL
798,16,16015,12.2537,10,1,349.901,0.0218483,0.122186,16,10,3552123,AVL
799,16,16016,12.2537,10,1,350.263,0.0218696,0.122193,16,10,3555058,AVL
800,16,16018,12.254,10,1,350.499,0.0218816,0.122209,16,10,3556687,AVL
801,16,16018,12.254,10,1,350.773,0.0218987,0.122209,16,10,3559139,AVL
802,16,16020,12.2543,10,1,351.103,0.0219165,0.122224,16,10,3561630,AVL
803,16,16025,12.2545,10,1,351.513,0.0219353,0.122262,16,10,3565398,AVL
804,16,16034,12.2555,10,1,352.702,0.0219971,0.122331,16,10,3576973,AVL
805,16,16036,12.256,10,1,353.245,0.0220282,0.122346,16,10,3581504,AVL
806,16,16041,12.2563,10,1,353.588,0.0220428,0.122384,16,10,3584952,AVL
807,16,16045,12.2566,10,1,354.323,0.0220831,0.122415,16,10,3591566,AVL
808,16,16049,12.2568,10,1,354.651,0.022098,0.122445,16,10,3593767,AVL
809,16,16050,12.2572,10,1,354.942,0.0221148,0.122453,16,10,3595959,AVL
810,16,16083,12.2609,10,1,358.343,0.0222809,0.122704,16,10,3631884,AVL
811,16,16086,12.2612,10,1,358.864,0.0223091,0.122727,16,10,3636633,AVL
812,16,16088,12.2614,10,1,359.022,0.0223161,0.122743,16,10,3637768,AVL
813,16,16091,12.2619,10,1,359.417,0.0223365,0.122766,16,10,3640851,AVL
814,16,16093,12.2621,10,1,359.566,0.022343,0.122781,16,10,3642226,AVL
815,16,16106,12.2631,10,1,361.005,0.0224143,0.12288,16,10,3654638,AVL
816,16,16107,12.2632,10,1,361.235,0.0224272,0.122888,16,10,3656791,AVL
817,16,16114,12.2639,10,1,361.572,0.0224384,0.122941,16,10,3659563,AVL
818,16,16117,12.2643,10,1,361.673,0.0224405,0.122964,16,10,3660534,AVL
819,16,16126,12.2651,10,1,361.952,0.0224452,0.123033,16,10,3663790,AVL
820,16,16133,12.2655,10,1,362.536,0.0224717,0.123086,16,10,3668693,AVL
821,16,16137,12.266,10,1,362.937,0.022491,0.123116,16,10,3671425,AVL
822,16,16142,12.2668,10,1,363.404,0.0225129,0.123155,16,10,3674591,AVL
823,16,16145,12.267,10,1,363.993